name,og_p_value,bh_p_value
`\`1-10.040 Results_pos02\``,0.1643326784087479,0.28474886517377873
`\`1-4.136 Results_pos01\``,8.632720941254118e-5,6.940707636768311e-4
`\`1-6.894 Results_pos03\``,0.0011649452690924982,0.005853849977189804
`\`1 Results_neg\``,0.2795063897984898,0.42150642062859073
`\`10 Results_neg\``,0.898453360479661,0.9356949505513567
`\`10 Results_pos01\``,0.15585210961310744,0.27376269441403517
`\`1003 Results_pos03\``,0.21040948317055658,0.3442397009546199
`\`1006 Results_pos03\``,0.08087779845895061,0.16734568004668166
`\`1007 Results_pos03\``,0.41833179507897456,0.5540199756847886
`\`101 Results_pos01\``,8.021901359047684e-4,0.004307944737473318
`\`1010 Results_pos03\``,0.09692165113337523,0.19179854169431637
`\`1015 Results_pos02\``,2.3634267614859575e-5,2.577784072411428e-4
`\`1017 Results_pos02\``,0.02994220159358175,0.07830609227169057
`\`1019 Results_pos02\``,8.591017080684487e-5,6.940707636768311e-4
`\`1023 Results_pos01\``,1.8990304685834433e-5,2.2453242599133655e-4
`\`1025 Results_pos03\``,0.2802681705884364,0.42175114012612835
`\`1026 Results_pos03\``,0.430020688119512,0.5633511249386903
`\`1027 Results_pos03\``,0.0024501141706823825,0.010816406290786285
`\`1030 Results_pos03\``,0.04507428288550851,0.1082244300681066
`\`1031 Results_pos03\``,0.004085928031177508,0.0162660282822941
`\`1033 Results_pos03\``,0.7291730681310028,0.8194460917414704
`\`104 Results_neg\``,0.8205006125485006,0.8860708035106265
`\`104 Results_pos01\``,1.747823552077194e-5,2.1571822261163263e-4
`\`1041 Results_pos02\``,0.5976126012607086,0.7186674615160829
`\`1042 Results_pos02\``,0.515252706394659,0.6444093847975868
`\`1046 Results_pos02\``,0.30216608764744424,0.44378672789139256
`\`1049-1.147 Results_pos01\``,0.7929305851626107,0.869566121062972
`\`1049-1.519 Results_pos03\``,0.0010805989484840598,0.005528737165516626
`\`105 Results_pos01\``,3.343264744288829e-5,3.266648260565544e-4
`\`1050-1.147 Results_pos01\``,0.9269333864222338,0.9497589660261814
`\`1050-1.519 Results_pos03\``,2.4928369921472658e-5,2.6726551028544924e-4
`\`1051 Results_pos01\``,0.6106353487402019,0.7281050302351391
`\`1052 Results_pos03\``,5.420639788858115e-4,0.0031174851374564114
`\`1053 Results_pos03\``,0.0034236502074744693,0.014085017081627422
`\`1054 Results_pos02\``,6.067822077833941e-12,7.114521386260296e-10
`\`1055 Results_pos02\``,1.929639056810639e-13,3.8785745041893844e-11
`\`1056 Results_pos02\``,4.96092284570529e-10,3.490009221953671e-8
`\`1057 Results_pos02\``,4.43076299932544e-13,7.792604425063618e-11
`\`1058 Results_pos02\``,2.4461782045688478e-11,2.1511079586427307e-9
`\`106-3.717 Results_pos01\``,0.018488451272034717,0.05363556894794401
`\`106-6.925 Results_pos03\``,0.004329881159477786,0.017024138199461553
`\`106-8.341 Results_pos01\``,2.5073949792238313e-5,2.6726551028544924e-4
`\`106 Results_neg\``,6.712396130775523e-4,0.003732941247431289
`\`1060 Results_pos03\``,0.0072258347066950996,0.02586959143083971
`\`1061 Results_pos02\``,8.400737804889533e-13,1.0745307355890521e-10
`\`1062 Results_pos02\``,1.0236417241009396e-13,2.4004398430167035e-11
`\`1064 Results_pos03\``,0.6249857000396701,0.7383515558874981
`\`1066 Results_pos03\``,0.5885174033363623,0.7132161813042737
`\`1068 Results_pos02\``,0.38250444626672286,0.5209910512074338
`\`1069 Results_pos01\``,0.7575694739120266,0.8428285831210642
`\`107 Results_pos01\``,3.085717485226772e-5,3.079152128875226e-4
`\`1070 Results_pos02\``,1.1994433813337183e-11,1.1250778916910278e-9
`\`1071 Results_pos02\``,0.09247445853902471,0.1845554087438408
`\`1072 Results_pos02\``,0.28482889372478254,0.4258812470465133
`\`1073 Results_pos02\``,0.2427025142778243,0.38221285552583845
`\`1074 Results_pos02\``,0.34725020066995627,0.4866067281856229
`\`1075 Results_pos02\``,0.7588976701962442,0.8428285831210642
`\`1076 Results_pos02\``,0.06363672667993955,0.13881685959484488
`\`1077 Results_pos02\``,0.04905971149283601,0.11414140310243333
`\`1079 Results_pos02\``,0.5857602340983112,0.711099783758692
`\`108 Results_neg\``,0.30106735014987807,0.4433605052308579
`\`1080 Results_pos02\``,0.12433598743774145,0.23263395521928487
`\`1083 Results_pos02\``,0.9249309700798956,0.9497589660261814
`\`109 Results_pos01\``,7.369424768234623e-6,1.0980033965328371e-4
`\`1093 Results_pos01\``,2.6844569658917266e-6,4.905235001311246e-5
`\`1097 Results_pos02\``,0.22926604664225528,0.36614906654444174
`\`11 Results_neg\``,0.026572009597681585,0.07134888836629388
`\`1102 Results_pos03\``,0.4143122753038321,0.5510666815609064
`\`1103 Results_pos01\``,0.07043415117699914,0.15083843334252325
`\`1108-1.337 Results_pos02\``,0.23136407794659314,0.36866280596925993
`\`1108-1.577 Results_pos03\``,4.852900456709807e-8,1.796850248050184e-6
`\`1109 Results_pos01\``,0.445871962161714,0.5772870784735087
`\`1110 Results_pos02\``,9.804701741747416e-7,2.0287081397997962e-5
`\`1111 Results_pos02\``,0.12024310772099486,0.22648199807689395
`\`1112 Results_pos02\``,0.5151130465701954,0.6444093847975868
`\`1116-1.296 Results_pos01\``,0.8295106860398148,0.8916130903422609
`\`1118 Results_pos02\``,0.20295546951465027,0.33437745387249757
`\`112 Results_neg\``,0.5420186631616095,0.6683788423035798
`\`112 Results_pos03\``,0.011239366212207225,0.03660599134392492
`\`1123 Results_pos02\``,0.3140397775627124,0.4559896460585514
`\`1127 Results_pos03\``,0.02598982496838022,0.0700530339664961
`\`1128 Results_pos01\``,0.6629952158974454,0.7658737838815317
`\`1129 Results_pos01\``,0.7249362934474355,0.8166416051885843
`\`113-8.019 Results_pos03\``,0.06013459720885153,0.13324311539032144
`\`1130 Results_pos01\``,0.7022824475514426,0.8000902054290524
`\`1131 Results_pos01\``,0.9011505843850443,0.9372425822369957
`\`1132 Results_pos01\``,0.795081126731724,0.871158321411763
`\`1135 Results_pos01\``,0.08663775342572906,0.17514269981321953
`\`1137 Results_pos03\``,0.09236871029780501,0.1845554087438408
`\`1138 Results_pos02\``,0.30839612126883953,0.45152272905854024
`\`1139 Results_pos03\``,0.03400164896810114,0.08573534067763137
`\`114-6.792 Results_pos03\``,0.015573606559866747,0.04735150324545191
`\`1140 Results_pos01\``,0.024392779182456414,0.0670325006049144
`\`1141 Results_pos02\``,0.016407531423388026,0.04927595662394348
`\`1142 Results_pos03\``,0.3663808866854822,0.5053901054573269
`\`1144 Results_pos02\``,0.11785469136683993,0.22228089913290053
`\`1145 Results_pos02\``,9.447941100356019e-4,0.004946480301865473
`\`1146 Results_pos02\``,0.33545482767878343,0.4762713850091304
`\`1149 Results_pos02\``,4.2454213423616903e-4,0.0025858475448930296
`\`115 Results_pos03\``,0.1492359203007054,0.2651198735645107
`\`1150 Results_pos02\``,6.994374505133307e-4,0.0038592489916559067
`\`1154 Results_pos01\``,0.7198125891151193,0.8133752841831485
`\`1159 Results_pos01\``,0.6377581503959089,0.744883737020876
`\`116 Results_neg\``,0.48547066806617534,0.6159217583129926
`\`1163 Results_pos01\``,0.04749912074003587,0.11185201419989588
`\`1168-5.242 Results_pos01\``,0.9190577044789726,0.9467983100895705
`\`117-6.792 Results_pos03\``,0.012458408178520891,0.0400205029844267
`\`1172 Results_pos01\``,0.009810350946155948,0.03307548940325653
`\`1181 Results_pos01\``,0.012549712562735836,0.040221971698791166
`\`119-8.018 Results_pos03\``,0.019258473492573668,0.05485480835658342
`\`119-8.471 Results_pos02\``,0.060582548111492204,0.13402459935985775
`\`1190 Results_pos03\``,0.334620734813031,0.4755670443251865
`\`1196 Results_pos03\``,0.492586285238484,0.6221444374600961
`\`1197 Results_pos02\``,0.5374143655456097,0.665032552614488
`\`1198 Results_pos03\``,0.8544936845575503,0.9060079986228132
`\`1199 Results_pos03\``,0.3564580483303994,0.4966260822927117
`\`120-6.791 Results_pos02\``,0.6068894211695919,0.7267178004983964
`\`120 Results_neg\``,3.627101366989792e-15,1.2758329058386593e-12
`\`1200 Results_pos03\``,0.009571470184865784,0.03245074349423171
`\`1208 Results_pos01\``,4.465785387298561e-4,0.0026967210471798607
`\`1209-5.349 Results_pos01\``,0.002852392221975233,0.01216156320096713
`\`1209-5.569 Results_pos01\``,0.002355806557060485,0.010623781492897767
`\`121 Results_pos02\``,0.9806879141507023,0.9862558317796818
`\`1210 Results_pos01\``,0.19897080739639195,0.32974314017281914
`\`1211 Results_pos01\``,0.00596343868138508,0.022315314427417042
`\`1212 Results_pos01\``,0.0031954365506150916,0.013461015648848605
`\`122-6.81 Results_pos03\``,0.012736037758556463,0.04063402522968015
`\`122-8.508 Results_pos02\``,0.11667813065094224,0.2206534003035964
`\`1221 Results_pos02\``,0.14905902772066087,0.2651198735645107
`\`1222 Results_pos03\``,0.008481718347415271,0.02932132116661741
`\`1223 Results_pos03\``,0.6326654422776813,0.7413982427180509
`\`1224 Results_pos02\``,0.7266653203973528,0.8172806601111713
`\`1226 Results_pos03\``,0.3793183518611365,0.5182010067338849
`\`1227 Results_pos03\``,0.17138639200816294,0.29371577777769214
`\`123 Results_neg\``,0.6671244262661955,0.7687502602428641
`\`123 Results_pos02\``,0.9728652831506288,0.9798292436599391
`\`1230 Results_pos03\``,0.5919361487232222,0.7148962757541405
`\`1231 Results_pos03\``,0.10890221181344623,0.20932433336273065
`\`1234 Results_pos02\``,2.0967248254636465e-4,0.001446123445797721
`\`1235 Results_pos03\``,0.734269667782868,0.8238575937563757
`\`1236 Results_pos03\``,0.5271376770676719,0.6551967417263378
`\`1237 Results_pos03\``,0.6205443933602011,0.7374205755555767
`\`124 Results_pos02\``,0.12418139126293602,0.23263395521928487
`\`125 Results_pos03\``,0.09211064253512427,0.1843523101663156
`\`1252 Results_pos03\``,0.03272424439842442,0.0834112533851144
`\`1253 Results_pos03\``,0.008840709805483024,0.030264911669865245
`\`1254 Results_pos03\``,0.08995924326053167,0.18081807895366864
`\`1255 Results_pos03\``,0.015900206426423327,0.04811094718704865
`\`1256 Results_pos03\``,0.05522352422718192,0.1253217719155564
`\`1258 Results_pos03\``,0.038812822994131586,0.09597476617353803
`\`126-6.79 Results_pos02\``,0.8312236696188202,0.8927722924837252
`\`126-8.489 Results_pos02\``,0.1631885091747426,0.28381487318771675
`\`1260 Results_pos03\``,0.2802484632671012,0.42175114012612835
`\`1261 Results_pos03\``,0.03770828341740463,0.0935724069987448
`\`1262 Results_pos03\``,0.036845669813494984,0.09175549987183618
`\`1264 Results_pos03\``,0.048418341198553705,0.11297612946329198
`\`1265 Results_pos03\``,0.6090939479689279,0.7275414546835052
`\`1269 Results_pos01\``,0.25377554914306444,0.39410838592085173
`\`127 Results_pos02\``,0.7412447254895966,0.828380721814029
`\`1272 Results_pos01\``,0.010909930236352776,0.03609415927542109
`\`1273 Results_pos01\``,0.047956244237247696,0.11258824362477707
`\`1274-5.317 Results_pos01\``,4.7548683417765155e-5,4.401381418999709e-4
`\`1274-5.536 Results_pos01\``,4.805662627604368e-5,4.4138951947342677e-4
`\`1277 Results_pos02\``,0.03561491696728976,0.0890056628294435
`\`1278 Results_pos01\``,4.267500817309904e-6,7.322406890189068e-5
`\`1279 Results_pos01\``,0.016803432737278294,0.050089893774047795
`\`128 Results_pos01\``,0.19648078662766968,0.3263854389434844
`\`1280-5.236 Results_pos01\``,0.001207933389820059,0.006048264339775172
`\`1280-5.495 Results_pos01\``,8.722242395581162e-4,0.004646675876861162
`\`1281 Results_pos01\``,0.007969708676132102,0.02803345026829467
`\`1282-5.155 Results_pos01\``,0.01061548839776535,0.03547741609419441
`\`1282-5.455 Results_pos01\``,7.959785152942468e-5,6.591321200614734e-4
`\`1285 Results_pos01\``,0.023019962468372613,0.06401005374110726
`\`1298 Results_pos01\``,0.2570472252868254,0.3965629890115826
`\`13 Results_pos01\``,6.88998238294612e-6,1.0537179579136076e-4
`\`1300 Results_pos01\``,0.06787749443084454,0.14625365185941544
`\`1303 Results_pos01\``,0.0013503267940087342,0.006643041255840171
`\`1307-7.397 Results_pos01\``,2.1150483157033818e-6,4.021449973236024e-5
`\`1313 Results_pos03\``,0.6102732771881894,0.7281050302351391
`\`132 Results_pos01\``,0.7031952999775988,0.8004820283725579
`\`1320 Results_pos02\``,0.8856169259075046,0.9264409031612334
`\`1321-7.5 Results_pos03\``,0.8900538311671472,0.9290101932137805
`\`1326 Results_pos03\``,0.27319834488193306,0.4157901789232946
`\`1329-7.5 Results_pos03\``,0.010415202009637069,0.03489092673228418
`\`1329 Results_pos03\``,0.8401619778330902,0.8981874925119298
`\`1336 Results_pos03\``,0.006225828408300428,0.022991445066873235
`\`1337 Results_pos03\``,0.28366073252260127,0.42503796662332266
`\`134-1.541 Results_pos03\``,0.13816335942969413,0.2524621385942593
`\`134-6.807 Results_pos03\``,0.04686264771389717,0.11100145814229641
`\`1340 Results_pos03\``,0.4127731121770408,0.5499732659404322
`\`1342 Results_pos03\``,0.024504034783173576,0.0671624128862534
`\`1362-7.029 Results_pos03\``,0.761931760302236,0.8447895876637084
`\`1362-7.842 Results_pos02\``,0.15010306474318785,0.266324101000839
`\`1364 Results_pos03\``,0.8486133722729657,0.9011313319155191
`\`1365 Results_pos03\``,0.8467470362673879,0.9005087528557935
`\`1366 Results_pos02\``,0.4821325193299748,0.6144569336026038
`\`1374 Results_pos03\``,0.05702886254199724,0.12812687564924416
`\`1388-7.043 Results_pos03\``,0.22506591354390768,0.36190598897860354
`\`1388-7.896 Results_pos03\``,0.14741999699660754,0.2632232687490188
`\`1389-7.063 Results_pos03\``,0.21550336070568468,0.35111574764822684
`\`1389-7.896 Results_pos03\``,0.6416956985944513,0.7471535375914109
`\`139 Results_pos01\``,0.08588754996942288,0.17387594648486043
`\`1390-7.063 Results_pos03\``,0.01317004491337599,0.04154765289937224
`\`1390-7.460 Results_pos01\``,0.21662689327254772,0.35195616493588294
`\`1390-7.996 Results_pos03\``,0.002054190925156185,0.009414484142328183
`\`1391-7.063 Results_pos03\``,0.34274153321563705,0.4826151360388967
`\`1391-7.916 Results_pos03\``,0.14731671346880915,0.2632232687490188
`\`1392-7.063 Results_pos03\``,0.04613898219614533,0.10984356675122925
`\`1392-7.956 Results_pos03\``,0.010774124976104778,0.03586442226442769
`\`1393-7.063 Results_pos03\``,0.3341349107729513,0.4753567436375556
`\`14 Results_pos01\``,1.0470990371394817e-7,3.348337148307388e-6
`\`140 Results_neg\``,0.010928295558869499,0.03609415927542109
`\`140 Results_pos01\``,5.121545415878384e-7,1.162260387119498e-5
`\`1408-7.025 Results_pos03\``,0.3493000516292878,0.4885339688294313
`\`1408-7.651 Results_pos02\``,0.09719417987492958,0.19206771219666563
`\`1409 Results_pos03\``,0.9998131473066785,0.9998131473066785
`\`141-6.145 Results_pos02\``,5.51862448019575e-4,0.003156384001477813
`\`141-7.221 Results_pos03\``,0.5189921769795914,0.6485097628865765
`\`141 Results_neg\``,0.9452167077115585,0.9595381729799155
`\`1410-7.011 Results_pos03\``,0.91094627250829,0.9426534928944748
`\`1410-7.651 Results_pos02\``,0.24090691405659345,0.3812778718533487
`\`1411 Results_pos03\``,0.7449008728411426,0.8318059746726092
`\`1418-8.678 Results_pos02\``,1.4207767122885652e-5,1.78485074481251e-4
`\`1418-9.263 Results_pos02\``,0.02925037246767118,0.07678222772763685
`\`1419-8.692 Results_pos02\``,0.008632477958951572,0.02975760076381399
`\`1419-9.221 Results_pos02\``,0.008788563918538638,0.030159779105814303
`\`142 Results_neg\``,0.0037044867814586533,0.01510786348264442
`\`1421-8.720 Results_pos02\``,4.0222027537355916e-005,3.798147164097971e-4
`\`1422-7.816 Results_pos02\``,0.029125081701113793,0.07659624290367684
`\`1423-7.760 Results_pos02\``,0.030427525094374897,0.07919655567753743
`\`1423-8.720 Results_pos02\``,0.03810114598462343,0.09438083169078373
`\`1423-9.207 Results_pos02\``,0.20322291664251005,0.3343812901299458
`\`1424-7.760 Results_pos02\``,0.48168170959786405,0.614438953222298
`\`1424-8.720 Results_pos02\``,0.1819449814969781,0.30695034648231195
`\`1424-9.221 Results_pos02\``,0.008881118322692729,0.030329450194244344
`\`1425-9.207 Results_pos02\``,0.018209676608611086,0.05304557968595403
`\`1426-7.760 Results_pos02\``,0.16084077084565815,0.2814713489799018
`\`1426-8.720 Results_pos02\``,0.007082781579458212,0.025552496621276167
`\`1426-9.235 Results_pos02\``,0.2733517523127559,0.4157901789232946
`\`1427-7.175 Results_pos03\``,0.44798298633567735,0.5787085948917543
`\`1427-7.676 Results_pos02\``,0.3985186289305104,0.536057084995438
`\`1427-8.15 Results_pos02\``,0.3113256625875492,0.45334475829000365
`\`1428-7.801 Results_pos02\``,0.02863236255747194,0.07558299084120643
`\`1428-8.15 Results_pos02\``,0.19025297896352947,0.3182948173622901
`\`143 Results_neg\``,4.862694253398063e-6,7.955593970384971e-5
`\`1430-7.063 Results_pos03\``,0.24301469645658508,0.38221285552583845
`\`1430-7.842 Results_pos02\``,0.4395354430222582,0.5706484146666281
`\`1432-7.062 Results_pos03\``,0.3458638407041418,0.4856591056594086
`\`1432-7.8 Results_pos02\``,0.6091285242481657,0.7275414546835052
`\`1433-7.062 Results_pos03\``,0.19121502439720978,0.3191453610045957
`\`1433-7.744 Results_pos02\``,2.8594095444873943e-5,2.9582273743336497e-4
`\`1434 Results_pos01\``,0.5085892530604837,0.6384695619374611
`\`1435-7.062 Results_pos03\``,0.4338434925341441,0.566776038993074
`\`1435-7.828 Results_pos02\``,0.008057292415928737,0.028270848950652697
`\`1437-7.771 Results_pos02\``,0.3236958649066083,0.46461583304280113
`\`1439-7.868 Results_pos03\``,0.7078107835026327,0.8031097293520466
`\`1442 Results_pos02\``,0.29359414211945967,0.4352865731950261
`\`1443 Results_pos02\``,0.8732494769314532,0.9203460779344979
`\`1444 Results_pos02\``,0.15068925173511685,0.2670274271930849
`\`1445 Results_pos02\``,0.5483212444476128,0.6743776144561111
`\`1447 Results_pos03\``,0.06860381651493473,0.14736728219314987
`\`1449 Results_pos02\``,0.841940853926532,0.8981874925119298
`\`1451-7.003 Results_pos03\``,0.2780082844186781,0.42014785840717517
`\`1451-7.685 Results_pos02\``,0.9666093881127108,0.974924307580347
`\`1452-7.003 Results_pos03\``,0.15531950876307168,0.27316818603705234
`\`1454 Results_pos01\``,1.2850346416074676e-4,9.668683105570626e-4
`\`1455 Results_pos01\``,2.2427733995100028e-5,2.484710372528011e-4
`\`1456 Results_pos01\``,8.214896144121695e-5,6.7549937054976e-4
`\`1457 Results_pos01\``,1.2804196735968976e-4,9.668683105570626e-4
`\`1458 Results_pos01\``,4.73206927015305e-7,1.0914789283779247e-5
`\`1459 Results_pos01\``,0.0031726267390219877,0.01340506252793975
`\`146 Results_pos03\``,0.3183856920273487,0.45992676456106735
`\`1460 Results_pos01\``,4.1110179094281967e-7,9.803732539941479e-6
`\`1461 Results_pos01\``,1.394048439925775e-4,0.0010215761223831069
`\`1462 Results_pos01\``,1.0918368108464311e-4,8.394614168638954e-4
`\`1463 Results_pos01\``,5.542021474518863e-4,0.0031569328804243076
`\`1466 Results_pos01\``,9.547008500695231e-8,3.1238699908088814e-6
`\`1467 Results_pos02\``,0.9226900256774988,0.9487182134960777
`\`1469 Results_pos01\``,4.51180327525101e-5,4.204044508793491e-4
`\`147 Results_pos03\``,0.7080110538376059,0.8031097293520466
`\`148 Results_neg\``,0.2685481756453735,0.41101180540002946
`\`148 Results_pos03\``,0.44873566242139584,0.5787085948917543
`\`149 Results_neg\``,0.01356504699930808,0.04241338028450326
`\`15 Results_pos03\``,0.7494804124669219,0.8355934551037711
`\`150 Results_pos03\``,0.8450257381771535,0.899357952810329
`\`151 Results_neg\``,0.562475064860935,0.6875781201210561
`\`152-7.15 Results_pos02\``,0.7588666388262464,0.8428285831210642
`\`152 Results_neg\``,0.5982560999711457,0.7188269279755781
`\`153 Results_neg\``,0.04694091513480196,0.11100145814229641
`\`153 Results_pos01\``,0.012203720731464246,0.039292071096499306
`\`154 Results_neg\``,0.002253333336760848,0.010227225822008109
`\`155 Results_neg\``,0.046242628450715154,0.10990435511850713
`\`155 Results_pos02\``,0.055216385500754674,0.1253217719155564
`\`156 Results_neg\``,0.013342818412862278,0.041998535809613484
`\`156 Results_pos03\``,0.007082054866053157,0.025552496621276167
`\`157 Results_neg\``,4.948959266453473e-4,0.0029257082722269063
`\`157 Results_pos03\``,0.0018944147039173982,0.008767899632933484
`\`158 Results_neg\``,0.049334549787530484,0.11414140310243333
`\`158 Results_pos01\``,0.06126763830504538,0.13532742087158375
`\`159 Results_neg\``,0.07419784353623658,0.15722344255344106
`\`16 Results_pos02\``,0.008650219411798096,0.02975760076381399
`\`160 Results_pos03\``,0.3159421825228658,0.4578070554167582
`\`161-5.594 Results_pos01\``,0.06335849057526712,0.138424528322051
`\`161 Results_neg\``,0.5848693795370397,0.710631448193968
`\`161 Results_pos02\``,0.28087887679140955,0.4222185679973432
`\`162 Results_neg\``,0.01314856761126604,0.04154765289937224
`\`163 Results_pos02\``,4.8737767884190163e-4,0.0028955275080833147
`\`164-5.594 Results_pos01\``,0.12654569896509604,0.2358275476078015
`\`164-6.783 Results_pos02\``,0.6250384314647809,0.7383515558874981
`\`164 Results_neg\``,0.27226714290613807,0.415037779056269
`\`165-2.76 Results_pos03\``,0.0018430903236726277,0.008644093618024625
`\`166 Results_neg\``,0.1269166323225256,0.23620595460025598
`\`166 Results_pos03\``,8.751734949312067e-4,0.004646675876861162
`\`168 Results_pos01\``,0.9148634563592982,0.9443968327934942
`\`169 Results_pos02\``,0.002764472211013859,0.011968038156604617
`\`17-6.774 Results_pos02\``,0.030822393046246142,0.08001311257577182
`\`17-8.347 Results_pos01\``,7.335274718287888e-7,1.5404076908404565e-5
`\`171-2.779 Results_pos03\``,0.00282153217252156,0.012140354026721206
`\`172-5.573 Results_pos01\``,0.011092071335035116,0.036549284235115706
`\`172-6.78 Results_pos02\``,0.3389542384165273,0.4793051391477929
`\`174 Results_pos02\``,0.7847518152903296,0.8627373762284896
`\`175 Results_pos01\``,0.001137163206591291,0.005755354790194052
`\`176 Results_pos01\``,0.04310226526080096,0.10420083715111159
`\`176 Results_pos02\``,0.22885605570360903,0.3659096254261113
`\`177 Results_pos01\``,7.491707609605712e-6,1.0980033965328371e-4
`\`179 Results_pos01\``,2.963206103473847e-5,3.0233235757870703e-4
`\`18 Results_neg\``,0.3103005706695652,0.45334475829000365
`\`18 Results_pos03\``,9.680666569842781e-4,0.005026087772608411
`\`181 Results_pos01\``,7.468607381596451e-6,1.0980033965328371e-4
`\`182 Results_pos01\``,3.298131448277753e-5,3.2450845788299285e-4
`\`184 Results_pos01\``,1.1904898799489899e-5,1.5509437602668786e-4
`\`186 Results_pos01\``,2.7313344127638882e-5,2.8679011334020824e-4
`\`187 Results_pos01\``,3.519191669525928e-5,3.3683691694033884e-4
`\`188 Results_neg\``,3.1174694798530127e-14,8.772559116306378e-12
`\`189 Results_neg\``,0.050278840437175364,0.11597103031984547
`\`19-4.365 Results_pos01\``,0.017200203662951694,0.0508417784743131
`\`19-6.793 Results_pos03\``,0.013882835120973313,0.04311953424991049
`\`190 Results_pos01\``,1.0338612563044348e-5,1.426120380019941e-4
`\`191 Results_neg\``,0.09323439634428207,0.18554567985347223
`\`191 Results_pos01\``,3.503401433013516e-5,3.3683691694033884e-4
`\`192-8.343 Results_pos01\``,2.110107696242881e-5,2.375137222890987e-4
`\`193-10.042 Results_pos02\``,0.8015744963449551,0.8715728874477217
`\`194 Results_pos01\``,5.356057779279663e-5,4.769603351548409e-4
`\`196 Results_neg\``,0.18643662867903213,0.3130266545959406
`\`196 Results_pos01\``,2.4049545702326673e-5,2.602900831013356e-4
`\`197 Results_pos01\``,0.7051083867397403,0.8020109136158566
`\`198 Results_pos01\``,0.5569571779572364,0.6820180586473731
`\`199 Results_pos01\``,0.7595640678020679,0.8428285831210642
`\`2 Results_pos02\``,0.18246084280160935,0.30745198302019683
`\`20 Results_pos03\``,0.36450745011467467,0.5041623939838338
`\`200 Results_pos01\``,0.8227936030104973,0.8864246550044179
`\`202 Results_pos01\``,0.7670876741190195,0.848607162478007
`\`203-1.296 Results_pos01\``,0.6058605358384401,0.7261037256598682
`\`203-7.407 Results_pos01\``,0.48850550555296823,0.6181000416484049
`\`204 Results_neg\``,0.011449479289746368,0.03703314335786929
`\`204 Results_pos03\``,0.17879149063970756,0.3023553213101785
`\`205 Results_pos03\``,0.11312656771935391,0.21626233801784095
`\`206 Results_pos03\``,0.17279782195411544,0.29577437407474505
`\`208 Results_pos03\``,0.22574461380375713,0.36258295847247296
`\`209 Results_pos03\``,0.1749033972694368,0.2981952427981474
`\`21 Results_pos03\``,0.03986851566779776,0.09789703585443534
`\`210 Results_pos03\``,0.5253361223283866,0.6537897303877719
`\`215 Results_neg\``,0.12578502046260104,0.235032568115378
`\`215 Results_pos03\``,0.10943963134846502,0.2100703428475993
`\`216 Results_neg\``,0.39693123586706425,0.535971448046986
`\`216 Results_pos02\``,0.002614204935741726,0.011458524437970742
`\`217 Results_neg\``,0.3221289045149034,0.4643805006685134
`\`217 Results_pos02\``,0.009826264797840248,0.03307548940325653
`\`218 Results_pos02\``,8.257703748014124e-5,6.7549937054976e-4
`\`22 Results_pos03\``,0.05683051938046741,0.12793686522930822
`\`223-7.15 Results_pos02\``,0.0017508029513493343,0.00823872826939302
`\`223 Results_pos02\``,0.0024279009423355314,0.010804936342496086
`\`224 Results_pos02\``,0.004755694776531968,0.018484150692211265
`\`225 Results_pos03\``,0.2842290262654952,0.42543642548462945
`\`227 Results_pos02\``,0.5561785477057133,0.6820180586473731
`\`229 Results_neg\``,0.06596988129869756,0.14295367233771694
`\`229 Results_pos03\``,0.027045586069195954,0.0722070960139634
`\`23 Results_pos03\``,1.3381815702894383e-5,1.700721245428226e-4
`\`230 Results_pos01\``,0.003717853114093222,0.015118552981298161
`\`231 Results_pos01\``,0.21561052307609666,0.35111574764822684
`\`232 Results_pos01\``,0.006070963447393275,0.022537851109452077
`\`233 Results_pos02\``,0.10836750802295528,0.2091124071114866
`\`236 Results_neg\``,0.20149225240202662,0.3326340882387586
`\`237 Results_pos01\``,0.3747934208919259,0.5154783413440271
`\`24 Results_neg\``,0.0024146099072757726,0.010804936342496086
`\`24 Results_pos03\``,2.835967328594945e-4,0.0018388046227341417
`\`241 Results_neg\``,0.15970326889114037,0.2801776799623871
`\`244 Results_pos01\``,5.8094702419610605e-6,9.184184978021587e-5
`\`245 Results_neg\``,0.6145377406745041,0.731518275066859
`\`245 Results_pos03\``,1.664798957001453e-4,0.0011791148651908547
`\`247 Results_pos03\``,3.381599456564484e-4,0.0021335921234915825
`\`248 Results_neg\``,0.002529303042932733,0.01112102931689486
`\`248 Results_pos03\``,2.1735247911516955e-4,0.0014917801859270416
`\`249 Results_pos03\``,4.1151552978776736e-4,0.0025283945432811733
`\`25 Results_neg\``,0.002841250899276283,0.012150881505415592
`\`25 Results_pos01\``,0.062323742695938746,0.13722927382345199
`\`250 Results_pos03\``,5.989935892258691e-4,0.0033983225001645075
`\`251 Results_pos01\``,9.560345029147736e-5,7.473003031117147e-4
`\`253 Results_pos01\``,7.989347772464142e-4,0.004307944737473318
`\`254-5.55 Results_pos01\``,0.005996677484394156,0.022380172998786675
`\`254-6.5 Results_pos01\``,2.781088913284186e-4,0.0018115704171253937
`\`254-6.63 Results_pos02\``,0.051450873619194086,0.11790126902639426
`\`258 Results_neg\``,0.39405051217683473,0.5331097447524462
`\`26 Results_pos02\``,0.5245323602290466,0.653690904200415
`\`262 Results_neg\``,0.001023525719888324,0.005294487823098794
`\`265 Results_neg\``,0.07854605054508135,0.16470088392985013
`\`266 Results_neg\``,0.08409384108940729,0.1712301511039017
`\`267 Results_neg\``,0.08740374454772509,0.17643768806118967
`\`275 Results_neg\``,0.6342405715433049,0.7417925886628679
`\`28-1.334 Results_pos02\``,0.0015280729087434539,0.007337879121508668
`\`282 Results_neg\``,0.4736972922724787,0.6048022597344624
`\`288 Results_neg\``,0.5244258590572415,0.653690904200415
`\`3-4.368 Results_pos01\``,0.012889482049844574,0.0410149925029898
`\`3-6.058 Results_pos02\``,0.003294820090782546,0.013674961261743486
`\`3 Results_neg\``,0.5448004209848281,0.6706335890863108
`\`30 Results_pos02\``,0.006820137924844247,0.024924504052612612
`\`301 Results_pos02\``,9.487561243124107e-4,0.004946480301865473
`\`303 Results_pos01\``,0.4725633150846795,0.6039024380782417
`\`304 Results_pos02\``,0.10629414184583957,0.20660323994919583
`\`305 Results_pos01\``,5.1435625627440016e-5,4.6095493794782235e-4
`\`308 Results_pos02\``,0.10532630764931963,0.20525500673489297
`\`31 Results_pos02\``,0.031066047504782934,0.08034913389564262
`\`311 Results_pos01\``,3.2329150136892063e-4,0.002059120102031703
`\`312 Results_pos01\``,0.6791982438727336,0.7788361280594427
`\`313 Results_pos02\``,0.1477088972596346,0.2634048395998807
`\`318 Results_pos02\``,0.03292004169488054,0.08375858709710111
`\`319 Results_pos02\``,0.0405047994611386,0.0991134832031687
`\`32 Results_neg\``,0.41663552369072687,0.5525034701534898
`\`32 Results_pos03\``,0.5390845611714151,0.6665131613077162
`\`320 Results_pos02\``,0.049210144511955496,0.11414140310243333
`\`321 Results_pos02\``,0.06604114216028145,0.14295367233771694
`\`323 Results_pos03\``,0.05170745016331791,0.11829655671510292
`\`325 Results_pos03\``,0.03357696065864877,0.08481648769608406
`\`327 Results_pos03\``,0.07197971675981363,0.1536805181806643
`\`33 Results_neg\``,0.33320039264556456,0.4749877937713367
`\`33 Results_pos03\``,0.40085461084484275,0.538170264750662
`\`332 Results_pos03\``,0.130904241864362,0.24202663377550243
`\`335 Results_neg\``,9.567995189136349e-6,1.359815073849984e-4
`\`336 Results_pos02\``,0.23266273821585887,0.37031275188881607
`\`337 Results_pos02\``,0.03269840511238599,0.0834112533851144
`\`338 Results_pos02\``,0.2626588202993282,0.40379511989247063
`\`339 Results_pos03\``,0.04464323951787023,0.10755657192062228
`\`34 Results_neg\``,0.39405411125980383,0.5331097447524462
`\`340 Results_pos01\``,0.17027200930179562,0.2925185800825719
`\`341 Results_pos01\``,0.14378314541699797,0.25903058335687085
`\`342 Results_neg\``,0.3647742125625748,0.5041623939838338
`\`342 Results_pos01\``,0.08286070964308392,0.17044593343248401
`\`343 Results_neg\``,0.46790987158741915,0.5990438483380334
`\`343 Results_pos01\``,0.2551625922173016,0.39488173308563834
`\`344 Results_pos01\``,0.48799911273820185,0.6180150779681819
`\`346 Results_pos01\``,0.27390416226906766,0.41618051437643433
`\`347 Results_neg\``,0.04545853849812994,0.10877578854909664
`\`348 Results_neg\``,0.14586289146665765,0.26143832903641695
`\`35 Results_neg\``,0.4124122806872622,0.5499732659404322
`\`35 Results_pos02\``,0.28752545894253057,0.42854694992811493
`\`350 Results_pos01\``,0.1698533472698019,0.29215606309121184
`\`352 Results_pos01\``,0.7217868732122257,0.8143892573090014
`\`354 Results_pos01\``,0.9462583250941059,0.9599030017356935
`\`355 Results_neg\``,0.9331213501118049,0.9506891669857418
`\`356 Results_neg\``,0.5286728640358617,0.6559459609333839
`\`359 Results_pos03\``,0.11463301552305731,0.21760226212968972
`\`36 Results_neg\``,0.4065173345730724,0.545252516438811
`\`36 Results_pos03\``,0.3363940432875039,0.47712340615475607
`\`361 Results_pos03\``,0.31305052828585805,0.45502282365516766
`\`362 Results_pos03\``,0.11446457790938115,0.21760226212968972
`\`364 Results_pos02\``,0.6534065378136458,0.7579084902751851
`\`365-5.615 Results_pos01\``,0.0893955592586129,0.18018103473379657
`\`365-6.791 Results_pos03\``,0.11773792230545188,0.22228089913290053
`\`366 Results_pos02\``,0.08307530955235622,0.1706378985987813
`\`367-5.614 Results_pos01\``,0.10631183064905314,0.20660323994919583
`\`367-6.789 Results_pos02\``,0.2853379151745411,0.42618943381165536
`\`368 Results_pos02\``,0.0027202089042328926,0.011849331047231206
`\`369 Results_pos02\``,4.9325467965388516e-6,7.977118784747315e-5
`\`37 Results_neg\``,0.29993025073753043,0.44327926763414427
`\`37 Results_pos03\``,0.4253594374336388,0.5593277836160091
`\`370-5.614 Results_pos01\``,0.08568836297162556,0.17387594648486043
`\`370-6.789 Results_pos02\``,0.39141002524611146,0.5305528954925615
`\`371-5.614 Results_pos01\``,0.12332584168452851,0.23166816989336664
`\`371-6.789 Results_pos02\``,0.9286911468330614,0.9497589660261814
`\`373 Results_pos02\``,0.05676436092651407,0.12793686522930822
`\`374 Results_pos02\``,0.061624351705346116,0.13590197938780876
`\`379 Results_neg\``,0.003459165161888273,0.014189636684480466
`\`38-2.789 Results_pos03\``,0.37437446670614616,0.5154059438899683
`\`38 Results_neg\``,0.5328278431451532,0.6605187447623176
`\`383 Results_pos01\``,0.7388758238392936,0.8273136931923409
`\`385 Results_neg\``,0.1212968198101956,0.22816126400126366
`\`387 Results_pos02\``,0.22414493736148217,0.3608374449286103
`\`39 Results_neg\``,0.1484086929734583,0.2643177607767795
`\`39 Results_pos02\``,0.29925662962617344,0.4427487674910894
`\`392 Results_neg\``,0.10326057050536562,0.20178836486256865
`\`393 Results_neg\``,0.1394759461455185,0.25420033189992813
`\`397 Results_pos01\``,3.2769703407694685e-5,3.2450845788299285e-4
`\`398 Results_neg\``,0.18410461443378648,0.30985070874203063
`\`398 Results_pos02\``,0.7326657131285601,0.8227140130661484
`\`4 Results_pos01\``,0.07209838248764237,0.1537006426668376
`\`40 Results_neg\``,0.1972574321993907,0.3272891593213947
`\`40 Results_pos02\``,0.04807453749243196,0.11258824362477707
`\`400 Results_neg\``,0.034556785413185846,0.08682392335062944
`\`401 Results_pos01\``,1.3195886492840788e-8,5.989229772718384e-7
`\`403-4.587 Results_pos01\``,4.639606934961692e-8,1.7643045831057027e-6
`\`403 Results_neg\``,0.9813490863479422,0.9862558317796818
`\`405 Results_pos03\``,0.569478278746107,0.694931429484625
`\`406 Results_pos03\``,0.20166089358042721,0.3326340882387586
`\`407 Results_pos01\``,9.868538861436761e-9,4.6283447260138407e-7
`\`408 Results_neg\``,0.023468101705957107,0.06487155029524883
`\`408 Results_pos03\``,0.43901053702136106,0.5706484146666281
`\`409 Results_pos02\``,0.5072116044836763,0.6377540013481077
`\`41 Results_pos02\``,0.11116668809074942,0.21280480291657747
`\`410 Results_pos01\``,0.0013950194066444214,0.006768249328098969
`\`411 Results_pos01\``,0.002640470436761919,0.011537707778024908
`\`412 Results_pos01\``,0.1393873616794387,0.25420033189992813
`\`413 Results_pos01\``,1.771312521822033e-4,0.0012321679150368125
`\`414 Results_pos02\``,0.0692189581750836,0.1484620032810101
`\`415 Results_pos01\``,0.01774918984414409,0.05202731273064736
`\`416 Results_pos01\``,0.0019477029299745721,0.008984977122866306
`\`417 Results_pos01\``,9.492179683750375e-4,0.004946480301865473
`\`418 Results_pos01\``,3.2382918293818926e-4,0.002059120102031703
`\`420-6.64 Results_pos01\``,7.571443943282504e-4,0.004113135763783198
`\`422 Results_pos01\``,1.0620980002052162e-5,1.4508464915424652e-4
`\`423 Results_pos01\``,0.0018719319273150683,0.00869243637535413
`\`424-6.699 Results_pos02\``,0.01934330132942232,0.054981868627267075
`\`425 Results_pos01\``,6.693936605248099e-5,5.742907807063461e-4
`\`426 Results_pos01\``,0.0010791275001288598,0.005528737165516626
`\`427 Results_pos01\``,0.002246877197844473,0.010227225822008109
`\`428 Results_pos03\``,0.25434617759669703,0.39455906491571413
`\`43 Results_pos02\``,0.05888445018377141,0.13130019240660282
`\`433 Results_pos01\``,0.005004008919107137,0.019236722811977434
`\`434-5.267 Results_pos01\``,0.018960843632414123,0.054667842194275965
`\`434 Results_neg\``,0.18723080312872808,0.31361159524061955
`\`435 Results_neg\``,0.011222893986650993,0.03660599134392492
`\`436 Results_neg\``,0.027443432615402857,0.07313051077627238
`\`437 Results_neg\``,0.0013807867396833896,0.00672237696447934
`\`438 Results_neg\``,0.025911686489531877,0.0700530339664961
`\`439 Results_neg\``,0.0015772744238485767,0.007548384742703903
`\`439 Results_pos03\``,0.05947549640073455,0.1321990891561351
`\`44-7.15 Results_pos02\``,0.13654947668587716,0.2504890660978216
`\`44 Results_pos02\``,0.07483304517095103,0.1580932350683605
`\`443 Results_neg\``,0.003246239440582858,0.013634205650448004
`\`444 Results_pos01\``,7.97177731704909e-6,1.1563186273286669e-4
`\`445 Results_pos01\``,1.760594938260298e-7,4.987524555393661e-6
`\`447 Results_pos01\``,1.544280908361641e-5,0.00019228347239511761
`\`448 Results_pos01\``,8.016482258537907e-4,0.004307944737473318
`\`449 Results_pos03\``,0.11358699591392919,0.21684790129022846
`\`45 Results_pos02\``,0.03923890001309552,0.09668849793069245
`\`450 Results_pos03\``,0.07928202179286811,0.1652589698704673
`\`451 Results_pos03\``,0.10686765561591677,0.2073969537263378
`\`453 Results_neg\``,0.6588293431174417,0.7629406467211856
`\`453 Results_pos03\``,0.17120935971001344,0.29371577777769214
`\`455 Results_neg\``,0.35807759683421325,0.4978410857171325
`\`455 Results_pos03\``,0.020948050531280127,0.05883015388724778
`\`457 Results_neg\``,0.08229329830126161,0.1697077972751455
`\`457 Results_pos03\``,0.049278311929355584,0.11414140310243333
`\`458 Results_neg\``,0.13289704477334663,0.24442632940666495
`\`46 Results_pos02\``,0.13713323678746667,0.25091288967441017
`\`460 Results_pos02\``,0.7409411406657831,0.828380721814029
`\`461 Results_pos02\``,0.2868642884145366,0.42801490328658853
`\`463 Results_pos02\``,0.33802563486408743,0.47895475151437167
`\`469 Results_neg\``,0.001037491832643921,0.0053470732913186705
`\`470 Results_pos02\``,2.9840156052912917e-5,3.0233235757870703e-4
`\`476-8.356 Results_pos01\``,1.136579993377826e-5,1.4945495800771974e-4
`\`478 Results_pos03\``,2.478989052483582e-4,0.0016530509937651185
`\`479 Results_pos02\``,0.19420654324673775,0.32332273685069407
`\`48 Results_pos01\``,1.8671014296101142e-5,2.2453091550952398e-4
`\`480 Results_pos03\``,0.31157383174586606,0.45334475829000365
`\`482 Results_pos03\``,0.007003732322112583,0.025397555095908256
`\`483 Results_pos03\``,0.0032797930550237143,0.013674961261743486
`\`486-7.158 Results_pos01\``,0.12723460392223768,0.23635410007977603
`\`487 Results_pos01\``,0.019686237387197544,0.055843822588280134
`\`489-7.137 Results_pos01\``,0.055922875871789984,0.12629773090145827
`\`49 Results_neg\``,0.5942805225209449,0.716497596561242
`\`49 Results_pos01\``,1.3417203855190695e-5,1.700721245428226e-4
`\`490 Results_pos03\``,0.03169968666333618,0.08143303118334952
`\`494 Results_pos03\``,0.06331043456272732,0.138424528322051
`\`498 Results_neg\``,0.8006998264668924,0.8715728874477217
`\`50 Results_pos01\``,1.10468221913295e-5,1.468925197484969e-4
`\`500 Results_pos02\``,0.5766751620722379,0.7024951974334535
`\`502 Results_pos01\``,0.48374590782202254,0.6148423345537057
`\`503 Results_pos02\``,0.5828134349920873,0.7087454650249497
`\`504 Results_pos03\``,0.10959188846653298,0.2100760041858473
`\`505 Results_pos01\``,0.9363474727660132,0.9525964527706293
`\`506 Results_pos01\``,0.9065702500936894,0.9406669187919033
`\`507 Results_pos03\``,0.01078226767438018,0.03586442226442769
`\`510-1.407 Results_pos02\``,0.35351079698067145,0.4934421541188539
`\`514 Results_pos02\``,6.666977696977322e-5,5.742907807063461e-4
`\`516 Results_pos03\``,0.042515394132745424,0.10308289859488362
`\`518 Results_pos03\``,0.3885873890649556,0.52782843614236985
`\`525 Results_pos02\``,0.00115589168303934,0.00582917418651022
`\`527 Results_pos01\``,0.001355996525772109,0.0066476902848827775
`\`528 Results_pos02\``,0.04135417118265642,0.10066664161591278
`\`53 Results_neg\``,0.6443587936509035,0.7486480781724371
`\`53 Results_pos02\``,0.28233584582472265,0.42395574714555473
`\`532 Results_pos03\``,0.8605656197514923,0.9110728570281036
`\`533-1.579 Results_pos03\``,5.45154575722029e-10,3.6525356573375944e-8
`\`533-1.834 Results_pos03\``,9.445226891509967e-11,7.817314256679133e-9
`\`535 Results_pos03\``,0.62141032903809,0.7378264413135803
`\`539 Results_pos03\``,0.8045545816498357,0.8727897427766529
`\`54 Results_neg\``,0.03758932251929482,0.09344200845344135
`\`54 Results_pos02\``,0.23348451977588958,0.3712008127962448
`\`540 Results_pos03\``,0.19954481045820782,0.3303053509584687
`\`541 Results_pos03\``,0.9301832659446182,0.9497589660261814
`\`544-6.905 Results_pos03\``,0.21009750030043967,0.34412943297173293
`\`544-7.414 Results_pos01\``,0.015125237898917412,0.04636429133720436
`\`544-8.55 Results_pos02\``,0.02618786772865436,0.07045187360270877
`\`545-6.787 Results_pos02\``,0.4841828761091016,0.6148423345537057
`\`545-7.414 Results_pos01\``,0.047539093455250696,0.11185201419989588
`\`545-8.55 Results_pos02\``,0.007496853812159158,0.02652426384427232
`\`546 Results_pos02\``,0.015559563564169212,0.04735150324545191
`\`549 Results_pos01\``,0.6811090678172593,0.7803912527841074
`\`550 Results_pos02\``,0.00406406050462554,0.016244696392068565
`\`551 Results_pos01\``,0.07347189035222848,0.15615551318064272
`\`552 Results_pos01\``,0.0013142678115743006,0.006511178911567046
`\`553 Results_pos03\``,0.007479428082902432,0.02652426384427232
`\`554 Results_pos01\``,0.2191316649740978,0.3552053601596263
`\`556 Results_pos01\``,0.07481214119532441,0.1580932350683605
`\`558 Results_pos01\``,0.04069635997894986,0.09940933765691398
`\`559 Results_pos01\``,0.013716579216051064,0.04279207750994201
`\`56-W Results_pos02\``,0.3242734527704554,0.46461583304280113
`\`561-8.076 Results_pos03\``,0.6763475638855094,0.7768334876627851
`\`561-8.625 Results_pos02\``,0.06319723168708136,0.138424528322051
`\`562 Results_pos03\``,0.6258463361296831,0.7383515558874981
`\`563-8.487 Results_pos02\``,0.14329083023422012,0.25903058335687085
`\`563-8.703 Results_pos02\``,6.556090072828679e-7,1.3976392018893865e-5
`\`563-8.997 Results_pos02\``,0.4114855958575593,0.5498197847783342
`\`568 Results_pos02\``,5.147385441013979e-4,0.0030051333259363765
`\`574 Results_pos02\``,0.3976045874784566,0.5359844446511605
`\`578 Results_pos03\``,0.006059507137013377,0.022537851109452077
`\`579 Results_pos03\``,0.5934302006323376,0.7160860139705825
`\`583 Results_pos02\``,0.10382742754012182,0.20261468869480084
`\`585 Results_pos02\``,3.7805000803862145e-19,2.659581806551702e-16
`\`587 Results_pos02\``,1.2669530745214353e-16,5.942009919505531e-14
`\`589 Results_pos02\``,5.747619325136869e-20,8.086900390467574e-17
`\`590 Results_pos01\``,0.5356644025773116,0.663450540868202
`\`593 Results_pos01\``,0.13713717992865773,0.25091288967441017
`\`594 Results_pos03\``,0.02342148739911967,0.06487155029524883
`\`596 Results_pos02\``,0.8446002402542088,0.899357952810329
`\`599 Results_pos02\``,0.07197077043253401,0.1536805181806643
`\`6 Results_pos02\``,0.3475762344183021,0.4866067281856229
`\`60 Results_pos03\``,0.2532317409387224,0.3939871381702588
`\`600 Results_pos02\``,0.6112943096395826,0.7282735763445324
`\`603 Results_pos02\``,0.1667043024192575,0.2885030178399696
`\`604 Results_pos02\``,0.11475542181963737,0.21760226212968972
`\`606 Results_pos02\``,0.039833620495245706,0.09789703585443534
`\`607 Results_pos02\``,0.20343310899163725,0.3343812901299458
`\`608 Results_pos02\``,0.03308586810582408,0.08400678887678012
`\`61 Results_pos03\``,0.6386832300407426,0.744883737020876
`\`612 Results_pos01\``,0.6980839417362313,0.7965970040737044
`\`615 Results_pos02\``,1.932742368719225e-5,2.2518590549190634e-4
`\`618 Results_pos01\``,0.8598969796199973,0.9110504897028134
`\`62 Results_neg\``,0.16803388320816542,0.29009039714587576
`\`620 Results_pos01\``,0.7776046992825912,0.8574371566540798
`\`623 Results_pos01\``,0.6701750332436713,0.7716336102895627
`\`629 Results_pos02\``,0.0023688629841513626,0.010648531050162835
`\`63-W Results_pos01\``,0.01749824516852336,0.05139881200858532
`\`630 Results_pos02\``,0.021132827650117928,0.05899891173552999
`\`631 Results_pos02\``,0.09172654673236885,0.18384508725419227
`\`633 Results_pos01\``,0.409888332033829,0.5487277670519481
`\`637 Results_pos02\``,0.045604646194187574,0.10894013106149732
`\`64-W Results_pos01\``,0.005597076544204384,0.021056381544640557
`\`641 Results_pos03\``,0.04594622113904952,0.10957005617397063
`\`645 Results_pos01\``,0.7523626094904837,0.8381426694798975
`\`647 Results_pos01\``,0.45147635306566125,0.5811777024367661
`\`648-7.620 Results_pos02\``,0.16386525563462528,0.28464001812088613
`\`648 Results_pos02\``,9.833285922059707e-6,1.3738035807688717e-4
`\`649-8.095 Results_pos01\``,0.9047608628883463,0.9394823129770503
`\`65-W Results_pos01\``,0.0163505839502202,0.04927595662394348
`\`651-1.303 Results_pos01\``,0.683826045577915,0.7822302814049809
`\`653-8.856 Results_pos02\``,1.50936776786361e-4,0.0010890668971200509
`\`655-7.639 Results_pos02\``,0.044961371027077944,0.10813786159845926
`\`655-8.552 Results_pos02\``,0.37649637230603294,0.5168101422776472
`\`656 Results_pos02\``,0.1456519226965574,0.26139318269650036
`\`657-1.415 Results_pos02\``,0.003541392795677549,0.014484708324181137
`\`657-1.624 Results_pos03\``,0.003046384502119323,0.012910430706270746
`\`658 Results_pos02\``,0.004882342042909282,0.01887212981970703
`\`66 Results_neg\``,0.09266553295301938,0.18467479442620152
`\`660 Results_pos02\``,0.9141967056159751,0.9443968327934942
`\`663 Results_pos02\``,0.9101014527646488,0.9426534928944748
`\`669 Results_pos03\``,0.1776446288478634,0.30113975034812507
`\`67-W Results_pos01\``,0.01732502614927303,0.05099646818415722
`\`670 Results_pos02\``,0.05552885294903663,0.12560947925931598
`\`671 Results_pos02\``,0.02083886405342576,0.05864056344634009
`\`672 Results_pos01\``,0.005187761495580469,0.019753542204873752
`\`679 Results_pos01\``,0.013823339861802997,0.043029732711408884
`\`68 Results_neg\``,0.007130423525302831,0.025593127296176233
`\`682 Results_pos03\``,0.2507728420231032,0.39073907943134684
`\`689 Results_pos02\``,0.5569491189350625,0.6820180586473731
`\`69-W Results_pos01\``,0.0016528311523882706,0.007856531862872624
`\`692 Results_pos02\``,0.043446303706346986,0.10485240019696435
`\`696 Results_pos02\``,0.12880758573903003,0.23846351728265167
`\`697 Results_pos01\``,0.8822363282724323,0.9263481446860539
`\`7 Results_pos01\``,3.4159595880698675e-4,0.0021456496162563857
`\`700 Results_pos03\``,6.0869866801220945e-5,5.319497055237135e-4
`\`703 Results_pos01\``,0.1413760357065948,0.2569975222728409
`\`705 Results_pos01\``,0.2280919470639896,0.3651028094642018
`\`707-1.571 Results_pos03\``,7.335644724179077e-5,6.180390495161654e-4
`\`708-7.15 Results_pos02\``,0.8034608966911625,0.8722758346022111
`\`708 Results_pos02\``,0.9299105022548597,0.9497589660261814
`\`71 Results_pos02\``,0.4521543621382086,0.5815184529510599
`\`710 Results_pos01\``,0.55259497827577575,0.6784477612862273
`\`714 Results_pos02\``,0.838327985392799,0.8969790687814967
`\`719 Results_pos02\``,3.654848118520011e-4,0.002275385532193653
`\`72-2.452 Results_pos03\``,0.6261079471416884,0.7383515558874981
`\`72 Results_neg\``,0.24367088230751746,0.38221285552583845
`\`722 Results_pos03\``,0.9329450560157473,0.9506891669857418
`\`723 Results_pos02\``,0.334103959301394,0.4753567436375556
`\`728 Results_pos01\``,0.0038651380001417514,0.015627152776435185
`\`729 Results_pos02\``,0.26904184276718346,0.41101180540002946
`\`730 Results_pos02\``,0.09445128701055043,0.1874371802875098
`\`731 Results_pos03\``,0.161227455746512,0.28179755308738186
`\`732 Results_pos01\``,0.012584228511905115,0.04024093071875113
`\`733 Results_pos01\``,0.01558190902817643,0.04735150324545191
`\`734 Results_pos03\``,1.0279897200867552e-11,1.033129668687189e-9
`\`74 Results_neg\``,0.00482820954651125,0.01871429981251055
`\`74 Results_pos03\``,0.2755358993486668,0.41775755429264455
`\`743 Results_pos03\``,0.30128562810507675,0.4433605052308579
`\`744-1.505 Results_pos03\``,0.06492235580404153,0.14096567070414573
`\`745 Results_pos03\``,0.029112784973190482,0.07659624290367684
`\`746-1.302 Results_pos01\``,0.2534174556105787,0.3939871381702588
`\`747 Results_pos03\``,0.07906716905828329,0.1652589698704673
`\`75 Results_neg\``,0.005164148178565179,0.019753542204873752
`\`75 Results_pos03\``,0.8435118486235469,0.8991069477373715
`\`76 Results_neg\``,0.007126290928735687,0.025593127296176233
`\`76 Results_pos03\``,0.020017098562711867,0.05666812410007162
`\`764 Results_pos02\``,0.6153256928554833,0.7318370666506044
`\`766 Results_pos02\``,0.927433264838982,0.9497589660261814
`\`772 Results_pos02\``,0.1455156318347292,0.26139318269650036
`\`774 Results_pos02\``,0.46308422164882723,0.5939466726161349
`\`775-1.298 Results_pos01\``,0.4329195134955999,0.566094568297685
`\`775-1.617 Results_pos03\``,2.35129712419728e-4,0.0015829067242801784
`\`776-8.488 Results_pos02\``,0.014572055059610282,0.04486407323604304
`\`776-8.647 Results_pos02\``,1.369427715465497e-4,0.0010140972608736602
`\`777-8.069 Results_pos03\``,0.6265755207744654,0.7383515558874981
`\`777-8.488 Results_pos02\``,0.0012881526950642794,0.0064043492648602155
`\`778 Results_pos01\``,8.288167048618665e-9,4.02119001289878e-7
`\`779-8.069 Results_pos03\``,0.004195449590755179,0.016628162180824045
`\`779-8.468 Results_pos02\``,0.014609217799213543,0.04488028262771497
`\`779-8.746 Results_pos02\``,1.4125366714084572e-4,0.0010297611899853364
`\`78 Results_pos03\``,0.013446954885899386,0.04223184268852776
`\`780-8.488 Results_pos02\``,0.005421256491940165,0.02050459108645111
`\`781 Results_pos01\``,0.2932857799829191,0.4352865731950261
`\`782 Results_pos01\``,0.2202547408522947,0.35620508089560765
`\`783 Results_pos03\``,0.007502954520270351,0.02652426384427232
`\`786 Results_pos01\``,0.1754243345466122,0.29845470218510683
`\`787 Results_pos02\``,0.7223580619201376,0.8143892573090014
`\`788 Results_pos01\``,0.21233884759667832,0.3465902071560631
`\`789 Results_pos01\``,0.2506269408577317,0.39073907943134684
`\`79 Results_neg\``,0.2350577934965945,0.37285943117216286
`\`79 Results_pos03\``,0.02387348006445856,0.06586271853077097
`\`790 Results_pos01\``,0.21108451922286034,0.34494299482760105
`\`791 Results_pos02\``,0.6420103958408072,0.7471535375914109
`\`792 Results_pos01\``,0.242488021642098,0.38221285552583845
`\`793 Results_pos02\``,0.8795368308440048,0.9248941113583817
`\`794 Results_pos02\``,0.44850862041686235,0.5787085948917543
`\`795 Results_pos01\``,0.2700687450194954,0.41213310655361174
`\`797 Results_pos01\``,0.22342393036478925,0.36050168580648906
`\`798 Results_pos02\``,0.6579020785696275,0.7624944189023607
`\`799 Results_pos02\``,0.6390011873377379,0.744883737020876
`\`8 Results_pos01\``,3.0807391262554153e-005,3.079152128875226e-4
`\`80 Results_neg\``,0.002010584403971468,0.009244745935908023
`\`80 Results_pos03\``,0.0836975060714693,0.1712301511039017
`\`800 Results_pos02\``,0.16428070446027987,0.28474886517377873
`\`801 Results_pos01\``,0.5413106073725922,0.6680912496256466
`\`802 Results_pos02\``,0.6273551581950787,0.7386516381426574
`\`803 Results_pos02\``,0.30069517607554874,0.4433605052308579
`\`807 Results_pos03\``,0.3798083558052091,0.5183223633539565
`\`809 Results_pos02\``,0.9192085938751622,0.9467983100895705
`\`81 Results_neg\``,0.8212056345258401,0.8860708035106265
`\`81 Results_pos03\``,0.19993546058921707,0.3305630940646633
`\`810 Results_pos02\``,0.6259270507504793,0.7383515558874981
`\`811 Results_pos01\``,0.8728360496224341,0.9203460779344979
`\`815 Results_pos03\``,0.13118809349906846,0.242233133271902
`\`819 Results_pos01\``,0.23502834032693934,0.37285943117216286
`\`82 Results_pos01\``,4.8773277854708287e-4,0.0028955275080833147
`\`820 Results_pos02\``,0.720302490470649,0.8133752841831485
`\`823 Results_pos03\``,0.14339208982140605,0.25903058335687085
`\`824-1.364 Results_pos02\``,0.6657458237253215,0.7677904704766618
`\`824-4.084 Results_pos01\``,0.9582026756942112,0.9692244174707083
`\`825 Results_pos03\``,0.1867447011768769,0.31317019613333225
`\`826 Results_pos03\``,0.1422161853603601,0.25785847010570445
`\`829 Results_pos03\``,0.98773944325672,0.9919651312028491
`\`83 Results_pos03\``,0.03634143790691063,0.09066028924649513
`\`830 Results_pos01\``,0.04809206426331984,0.11258824362477707
`\`84 Results_pos03\``,0.04149638818170363,0.10083837335346635
`\`841 Results_pos02\``,0.21606224885080627,0.3514446059342016
`\`843 Results_pos02\``,0.6434501116796635,0.7482101711845343
`\`845 Results_pos02\``,0.02836866659195474,0.07502765769714347
`\`846 Results_pos02\``,0.1076427170029128,0.20832641378693026
`\`847 Results_pos02\``,0.08951424540079872,0.18018103473379657
`\`848 Results_pos02\``,0.24728028542506297,0.38658151288118175
`\`849 Results_pos02\``,0.014079713120151513,0.04363470563888366
`\`85 Results_neg\``,0.6328495305645907,0.7413982427180509
`\`850 Results_pos02\``,0.08067288344971778,0.1671675213751884
`\`851 Results_pos01\``,2.7629122039664783e-4,0.0018081011492934117
`\`855 Results_pos01\``,6.36160170845704e-9,3.4426052322304054e-7
`\`857 Results_pos01\``,1.4580823172278344e-8,6.216732788907767e-7
`\`86 Results_pos03\``,0.34989027585748,0.4888735036062307
`\`861 Results_pos01\``,3.108957289269365e-8,1.2150841405561103e-6
`\`862-1.358 Results_pos02\``,0.2779424624897029,0.42014785840717517
`\`862-1.553 Results_pos03\``,0.28910638110678294,0.4299922602719277
`\`865 Results_pos01\``,0.024133034622955882,0.06644849259197441
`\`875-7.635 Results_pos02\``,2.137153065980126e-5,2.3864875903444738e-4
`\`876-7.635 Results_pos02\``,3.6366641736549515e-4,0.002274127329925563
`\`879 Results_pos02\``,0.0064432816216038625,0.02367022778484761
`\`880 Results_pos01\``,0.8485009304093055,0.9011313319155191
`\`881 Results_pos01\``,0.17380239985618784,0.2971324138489141
`\`884 Results_pos01\``,0.9492522312020479,0.9622463179404046
`\`886 Results_pos01\``,0.8692267471389099,0.9188595290942497
`\`888 Results_pos01\``,0.7083576219800212,0.8031097293520466
`\`889 Results_pos01\``,0.017096537454149196,0.050641743574711406
`\`89 Results_neg\``,1.8102840012303055e-10,1.415038660961689e-8
`\`891 Results_pos01\``,0.998773312365212,0.9994836774522429
`\`893 Results_pos01\``,0.00832959499980518,0.029009257833479924
`\`894 Results_pos01\``,0.01348240491977278,0.0422488724323392
`\`897 Results_pos03\``,0.011198963029947082,0.03660599134392492
`\`898 Results_pos02\``,0.019259612884258856,0.05485480835658342
`\`9-1.688 Results_pos03\``,0.10248920816229727,0.20055954921328548
`\`9-5.960 Results_pos02\``,0.09633248345085549,0.19090113269768122
`\`9-8.135 Results_pos01\``,2.270260252475284e-4,0.0015357000842465022
`\`905 Results_pos02\``,0.01666939671172747,0.04979584113248525
`\`91 Results_pos02\``,0.04908781775344665,0.11414140310243333
`\`910-7.414 Results_pos01\``,0.3956491332582126,0.5347534394757975
`\`910-8.561 Results_pos02\``,0.033137006273356764,0.08400678887678012
`\`911-7.414 Results_pos01\``,0.9898500669572141,0.9919651312028491
`\`912 Results_pos03\``,0.049404487910008454,0.11414140310243333
`\`913 Results_pos01\``,0.4158587525068169,0.551993646016124
`\`915 Results_pos02\``,0.1944072746095858,0.32332273685069407
`\`92 Results_neg\``,2.9867944352125287e-5,3.0233235757870703e-4
`\`92 Results_pos02\``,0.006957999692017861,0.02529691360896416
`\`921 Results_pos03\``,0.8856135646486809,0.9264409031612334
`\`923 Results_pos02\``,0.0901695053874328,0.1809821598860456
`\`924 Results_pos01\``,0.9013803060903792,0.9372425822369957
`\`925 Results_pos01\``,0.4105874346206999,0.5491411791932744
`\`926 Results_pos01\``,0.01724046855449868,0.05085396070477913
`\`927 Results_pos01\``,0.9890046591482771,0.9919651312028491
`\`929 Results_pos01\``,0.4407467536854044,0.57154901606946
`\`93 Results_pos02\``,0.046480129394222754,0.11028253298089614
`\`930 Results_pos01\``,0.14182558605653714,0.25748206397619067
`\`931 Results_pos01\``,0.9790387865847694,0.9853416113911091
`\`932 Results_pos01\``,0.9283387806921093,0.9497589660261814
`\`933 Results_pos01\``,0.6338880061777274,0.7417925886628679
`\`934 Results_pos01\``,0.8829582355908013,0.9264147930471719
`\`935 Results_pos01\``,0.4350805745361447,0.5673386175832767
`\`937 Results_pos01\``,0.359933714383477,0.49992767634506624
`\`94 Results_pos02\``,0.08403433741840632,0.1712301511039017
`\`945 Results_pos02\``,0.22292439355890642,0.3601086357490027
`\`95 Results_pos03\``,0.0323649838521353,0.0829463247358003
`\`958 Results_pos02\``,0.20868674477896165,0.34221707448018535
`\`96 Results_pos02\``,0.8002767370902714,0.8715728874477217
`\`965 Results_pos02\``,0.012128241038344123,0.03913861270860133
`\`966 Results_pos02\``,0.0723305152270164,0.15396223135311962
`\`967 Results_pos03\``,0.16750180222028796,0.28952707091393753
`\`968 Results_pos01\``,0.8936010195331543,0.9313308403578874
`\`98-8.157 Results_pos01\``,0.023461225215469953,0.06487155029524883
`\`99 Results_pos01\``,0.01846991113071238,0.05363556894794401
`\`994 Results_pos02\``,0.16962424458975833,0.2921191091037821
`\`CE(12:0)\``,0.4686968113827703,0.599505830559598
`\`CE(14:0)\``,1.6987451604602504e-7,4.979446751599109e-6
`\`CE(14:1)\``,0.06735321330597051,0.145569848112904
`\`CE(15:0)\``,2.876312177739039e-7,7.358129516506959e-6
`\`CE(16:0)\``,4.489618621285208e-10,3.324680736920151e-8
`\`CE(16:1)\``,6.38457087105179e-10,3.9056918328564647e-8
`\`CE(17:0)\``,4.548394674715908e-6,7.618561080149146e-5
`\`CE(18:0)\``,5.2563839240716723e-008,1.896341584915088e-6
`\`CE(18:1)\``,6.142261116318373e-10,3.9056918328564647e-8
`\`CE(18:2)\``,1.9365667778621653e-5,2.2518590549190634e-4
`\`CE(18:3)\``,1.558107813707331e-7,4.664378072098329e-6
`\`CE(18:4)\``,0.06255871988494466,0.137531435747058
`\`CE(20:0)\``,0.4150253139890141,0.5514075701440443
`\`CE(20:1)\``,3.123519987987908e-4,0.0020067546224196288
`\`CE(20:2)\``,0.599844139690185,0.7201200550717495
`\`CE(20:3)\``,5.425933074749569e-8,1.908571959043161e-6
`\`CE(20:4)\``,7.843372086869475e-9,3.941294473651911e-7
`\`CE(20:5)\``,2.3641868147365443e-6,4.37685637938726e-5
`\`CE(22:0)\``,2.33601286183616e-5,2.5677891379714666e-4
`\`CE(22:4)\``,0.12733220174873505,0.23635410007977603
`\`CE(22:5)\``,6.861054981280646e-9,3.575371984689581e-7
`\`CE(22:6)\``,1.3635265075644368e-8,5.995255612947383e-7
`\`CE(24:0)\``,0.9573960314960764,0.9691051915935105
`\`CE(24:1)\``,0.006686673184668702,0.024500388465700167
`\`CER(14:0)\``,0.8818288666673302,0.9263481446860539
`\`CER(16:0)\``,0.07918357028108454,0.1652589698704673
`\`CER(18:0)\``,6.802494799820849e-4,0.0037681536154913126
`\`CER(20:0)\``,0.024535522546932653,0.0671624128862534
`\`CER(20:1)\``,0.1625025454672088,0.28303134704412825
`\`CER(22:0)\``,0.10751942699619238,0.20832641378693026
`\`CER(22:1)\``,0.004313663395617132,0.017024138199461553
`\`CER(24:0)\``,0.0018595470274897243,0.008692301221521734
`\`CER(24:1)\``,0.03045155410202399,0.07919655567753743
`\`CER(26:0)\``,0.32361351553498663,0.46461583304280113
`\`DAG(12:0/16:0)\``,0.0032909751770403652,0.013674961261743486
`\`DAG(12:0/18:0)\``,6.571645556716089e-8,2.2551964142193993e-6
`\`DAG(12:0/18:1)\``,0.48770394122591376,0.6180150779681819
`\`DAG(12:0/18:2)\``,0.05310227182862881,0.1210938354341665
`\`DAG(14:0/14:0)\``,0.8332609269834154,0.8929284780226276
`\`DAG(14:0/16:0)\``,0.05137969934394226,0.11790126902639426
`\`DAG(14:0/16:1)\``,0.26288296362580177,0.40379511989247063
`\`DAG(14:0/18:1)\``,0.5911481911971168,0.7145579939985767
`\`DAG(14:0/18:2)\``,2.579522533359892e-4,0.001711975568130834
`\`DAG(14:0/20:0)\``,0.07392197778791061,0.1568751474322628
`\`DAG(14:1/16:0)\``,0.7145093235677982,0.8094320597905732
`\`DAG(14:1/18:1)\``,0.15183279457041765,0.2680443494390086
`\`DAG(15:0/18:1)\``,0.83511508215087,0.8942214007505891
`\`DAG(15:0/18:2)\``,0.34264360670916216,0.4826151360388967
`\`DAG(16:0/16:0)\``,0.1435916712201237,0.25903058335687085
`\`DAG(16:0/16:1)\``,0.0016155186192522806,0.007705202363687996
`\`DAG(16:0/18:0)\``,0.14491184794311526,0.2607301407365258
`\`DAG(16:0/18:1)\``,0.27430764496230664,0.41634396597838774
`\`DAG(16:0/18:2)\``,0.008213949505074977,0.02867748623732132
`\`DAG(16:0/18:3)\``,0.03171663190367842,0.08143303118334952
`\`DAG(16:0/20:3)\``,0.06838492500471248,0.14712169645509243
`\`DAG(16:0/22:5)\``,0.0108311590282061,0.035942077246900905
`\`DAG(16:0/22:6)\``,0.024881524915992548,0.06784555340465409
`\`DAG(16:1/16:1)\``,0.0024523337645777007,0.010816406290786285
`\`DAG(16:1/18:0)\``,0.9160430182679551,0.9449212072602733
`\`DAG(16:1/18:1)\``,0.6891254165045775,0.7876518773533229
`\`DAG(16:1/18:2)\``,0.02962288502699075,0.07761526859027186
`\`DAG(16:1/20:0)\``,0.03337270343132823,0.0844521469925878
`\`DAG(16:1/20:2)\``,1.2081491231546922e-5,1.5595099231914238e-4
`\`DAG(18:0/18:1)\``,0.5434289057207508,0.669531059850347
`\`DAG(18:0/18:2)\``,0.33967596625408525,0.4798434583529096
`\`DAG(18:0/22:6)\``,0.7881629836076212,0.8650119484679587
`\`DAG(18:1/18:1)\``,0.047349274324376224,0.11177924324563313
`\`DAG(18:1/18:2)\``,0.0068737251107561055,0.02505526225604622
`\`DAG(18:1/20:1)\``,0.8057462762541967,0.8734090991445722
`\`DAG(18:1/20:4)\``,0.29845713338949653,0.44203072282002276
`\`DAG(18:1/20:5)\``,0.8842298044895669,0.9264409031612334
`\`DAG(18:1/22:6)\``,0.8780674683267713,0.9247312334848558
`\`DAG(20:0/20:0)\``,0.21990190341026145,0.35604370322006657
`\`DCER(22:0)\``,0.8252005065301592,0.8883375001437903
`\`DCER(24:1)\``,0.33278200476867215,0.4749877937713367
`\`DCER(26:0)\``,0.2675116132516662,0.41000962946088715
`\`DCER(26:1)\``,0.24557597242115248,0.3843441526101908
`\`FFA(12:0)\``,0.9298437265115395,0.9497589660261814
`\`FFA(14:0)\``,0.8863410500867188,0.9265095523566221
`\`FFA(14:1)\``,0.4000238054155697,0.5375678072776567
`\`FFA(15:0)\``,0.72652072302549775,0.8172806601111713
`\`FFA(16:0)\``,0.800442558076911,0.8715728874477217
`\`FFA(16:1)\``,0.5884921212809913,0.7132161813042737
`\`FFA(17:0)\``,0.966078781820005,0.974924307580347
`\`FFA(18:0)\``,0.699890251440935,0.798011007923335
`\`FFA(18:1)\``,0.5091420387305127,0.6384695619374611
`\`FFA(18:2)\``,0.35721149290331344,0.49712816074674776
`\`FFA(18:3)\``,0.43473546288825393,0.5673386175832767
`\`FFA(18:4)\``,0.7848641375781569,0.8627373762284896
`\`FFA(20:0)\``,0.9019377799210322,0.9372425822369957
`\`FFA(20:1)\``,0.9135800523349608,0.9443968327934942
`\`FFA(20:2)\``,0.6772419784540271,0.7772263162192629
`\`FFA(20:3)\``,0.8220715935949905,0.8863254652782772
`\`FFA(20:4)\``,0.3983744042489915,0.536057084995438
`\`FFA(20:5)\``,0.8789468267349458,0.9248941113583817
`\`FFA(22:0)\``,0.98959745561863,0.9919651312028491
`\`FFA(22:1)\``,0.8890229783258827,0.9286231109907328
`\`FFA(22:2)\``,0.7671843004065565,0.848607162478007
`\`FFA(22:4)\``,0.43129686010491497,0.5644973787605724
`\`FFA(22:5)\``,0.42357135295988746,0.5580195633095146
`\`FFA(22:6)\``,2.712681905826174e-4,0.001783524972662349
`\`FFA(24:0)\``,0.0452571122640288,0.10847829123592594
`\`FFA(24:1)\``,0.9080521975662765,0.9415102741162498
`\`HCER(16:0)\``,0.3219090792193376,0.4643805006685134
`\`HCER(18:0)\``,0.001721541002762344,0.008128215405659792
`\`HCER(20:0)\``,0.44640251697169686,0.5772870784735087
`\`HCER(22:0)\``,0.2690275578280188,0.41101180540002946
`\`HCER(22:1)\``,0.019064417249864334,0.054705223493945375
`\`HCER(24:0)\``,0.2788090632646276,0.42090595709584877
`\`HCER(24:1)\``,0.4568962167501224,0.587080344262486
`\`HCER(26:0)\``,0.01688455240307487,0.05021286112686138
`\`HCER(26:1)\``,0.622197727831688,0.7381384511460245
`\`LCER(18:0)\``,0.596437276452489,0.7178676201613791
`\`LCER(18:1)\``,0.031198864968431095,0.08039707511095706
`\`LCER(22:1)\``,0.0349970817401362,0.08761724912521644
`\`LPC(16:0)\``,7.963927534502521e-5,6.591321200614734e-4
`\`LPC(18:0)\``,0.6913245287247985,0.7895240356459348
`\`LPC(18:1)\``,0.11464880323130422,0.21760226212968972
`\`LPC(18:2)\``,0.3437672062091921,0.48319726187445883
`\`LPC(20:3)\``,0.011349797254919799,0.036795310455465795
`\`LPC(20:4)\``,0.6711749707144943,0.772153052980616
`\`LPE(18:0)\``,2.8489835402779128e-8,1.145291383191721e-6
`\`LPE(18:1)\``,7.511457228903097e-4,0.004096364465529712
`\`PC(14:0/18:1)\``,0.07730727771526587,0.1628313469242202
`\`PC(16:0/14:0)\``,2.793540690085269e-5,2.911490185888869e-4
`\`PC(16:0/16:0)\``,6.288605307073978e-6,9.72315128247592e-5
`\`PC(16:0/16:1)\``,2.62614085440705e-4,0.0017347324798829668
`\`PC(16:0/18:0)\``,1.8156428579421776e-5,2.202551050791735e-4
`\`PC(16:0/18:1)\``,2.7470699459629507e-6,4.955291556371631e-5
`\`PC(16:0/18:2)\``,7.951375467861991e-5,6.591321200614734e-4
`\`PC(16:0/20:1)\``,0.797311072245159,0.8715583266841368
`\`PC(16:0/20:2)\``,0.005307114443161303,0.020126981190102297
`\`PC(16:0/20:3)\``,1.4678918309157593e-6,2.974721771449845e-5
`\`PC(16:0/20:4)\``,2.613984259705585e-7,6.810881210010664e-6
`\`PC(16:0/20:5)\``,0.45008961447057205,0.579923157106314
`\`PC(16:0/22:4)\``,0.0018670189106749318,0.00869243637535413
`\`PC(16:0/22:5)\``,8.578605266200545e-4,0.004589390726062421
`\`PC(16:0/22:6)\``,2.5431552709211594e-7,6.751357483369945e-6
`\`PC(17:0/18:1)\``,0.5284961093890591,0.6559459609333839
`\`PC(18:0/14:0)\``,0.8211462181331032,0.8860708035106265
`\`PC(18:0/16:1)\``,0.016524301285885775,0.04946742959413039
`\`PC(18:0/18:0)\``,0.00813337813763318,0.028466823481716128
`\`PC(18:0/18:1)\``,4.854216973185443e-5,4.4138951947342677e-4
`\`PC(18:0/18:2)\``,1.7617571229876835e-4,0.0012321679150368125
`\`PC(18:0/20:2)\``,0.7178112351704441,0.8118652796501727
`\`PC(18:0/20:3)\``,3.369047522141379e-7,8.316227830970037e-6
`\`PC(18:0/20:4)\``,1.0900981691951105e-5,1.468925197484969e-4
`\`PC(18:0/20:5)\``,0.175059893781997,0.2981952427981474
`\`PC(18:0/22:4)\``,0.832003264498385,0.8929279886721798
`\`PC(18:0/22:5)\``,0.0229572524192273,0.0639620874333719
`\`PC(18:0/22:6)\``,8.991242491693161e-5,7.067417980900713e-4
`\`PC(18:1/16:1)\``,8.922070392559765e-5,7.05244552939977e-4
`\`PC(18:1/18:1)\``,1.1679065514573517e-4,8.930676727720075e-4
`\`PC(18:1/18:2)\``,0.001338454834584958,0.006607740183372055
`\`PC(18:1/20:3)\``,0.019098239420793372,0.054705223493945375
`\`PC(18:1/20:4)\``,4.68429038113134e-6,7.753878313237407e-5
`\`PC(18:1/22:4)\``,0.8719467314407562,0.9203460779344979
`\`PC(18:1/22:6)\``,0.15156467462459813,0.2680443494390086
`\`PC(18:2/16:1)\``,0.37935112788621284,0.5182010067338849
`\`PC(18:2/18:2)\``,0.07891859519960984,0.16523580869918308
`\`PC(18:2/20:4)\``,0.011164388815529653,0.03660599134392492
`\`PC(20:0/18:1)\``,0.9392628160815804,0.9548719524759998
`\`PE(16:0/18:1)\``,0.3015607700823959,0.4433605052308579
`\`PE(16:0/20:4)\``,5.428456707013651e-4,0.0031174851374564114
`\`PE(16:0/22:4)\``,0.48275992321552497,0.6146997393341571
`\`PE(16:0/22:6)\``,0.08208253612990779,0.1695890283917478
`\`PE(18:0/18:0)\``,3.086129118561731e-4,0.0019918273714753924
`\`PE(18:0/18:1)\``,1.3312541322922425e-4,9.910447429286695e-4
`\`PE(18:0/18:2)\``,0.1340892990252389,0.24629718502416595
`\`PE(18:0/20:3)\``,0.004331657054305072,0.017024138199461553
`\`PE(18:0/20:4)\``,0.2414294541633847,0.38167555281784526
`\`PE(18:0/22:4)\``,0.20374635977726444,0.33450540047445865
`\`PE(18:0/22:5)\``,0.03438564687157334,0.0865484886373948
`\`PE(18:0/22:6)\``,0.01815623886193599,0.05299964331689613
`\`PE(18:1/18:1)\``,0.09892419753259613,0.1946662180816262
`\`PE(18:1/20:4)\``,0.1847283941069031,0.31052909260264355
`\`PE(18:1/22:6)\``,0.055452311603812574,0.12560947925931598
`\`PE(O-16:0/22:4)\``,0.059405557527066534,0.1321990891561351
`\`PE(O-16:0/22:6)\``,0.14371584717727406,0.25903058335687085
`\`PE(O-18:0/20:4)\``,0.29175642284843156,0.43347548780120715
`\`PE(O-18:0/22:4)\``,0.07662971381225277,0.16164618790680604
`\`PE(O-18:0/22:5)\``,0.014295164891852646,0.044205048357882804
`\`PE(O-18:0/22:6)\``,4.2100765530903917e-4,0.0025754685696513834
`\`PE(P-16:0/18:1)\``,1.4799610803233058e-6,2.974721771449845e-5
`\`PE(P-16:0/18:2)\``,0.004002837072394299,0.01609140503102508
`\`PE(P-16:0/20:3)\``,0.13201071670446685,0.24334736486669908
`\`PE(P-16:0/20:4)\``,1.0615212462430073e-4,8.206375788263249e-4
`\`PE(P-16:0/22:4)\``,0.36440552862022857,0.5041623939838338
`\`PE(P-16:0/22:5)\``,0.06400846212665094,0.13941161952352613
`\`PE(P-16:0/22:6)\``,8.551339792806072e-5,6.940707636768311e-4
`\`PE(P-18:0/16:0)\``,0.7391139391206628,0.8273136931923409
`\`PE(P-18:0/18:1)\``,8.78989422157536e-5,7.026921119179847e-4
`\`PE(P-18:0/18:2)\``,0.17600179463546767,0.2990755133479505
`\`PE(P-18:0/20:3)\``,0.8911193667702655,0.9294328754972301
`\`PE(P-18:0/20:4)\``,0.006362291344214432,0.02343388461075839
`\`PE(P-18:0/20:5)\``,5.307238768993753e-4,0.0030729567687136665
`\`PE(P-18:0/22:4)\``,0.4460545910286652,0.5772870784735087
`\`PE(P-18:0/22:5)\``,0.10875337460179317,0.20932421075885496
`\`PE(P-18:0/22:6)\``,0.0091453436679718,0.031156170801056468
`\`PE(P-18:1/16:0)\``,0.5508165050741998,0.676854866933973
`\`PE(P-18:1/18:1)\``,1.999312661275884e-7,5.515750812578762e-6
`\`PE(P-18:1/18:2)\``,0.49945675486985064,0.6296914463278493
`\`PE(P-18:1/20:3)\``,2.403162984872142e-8,9.94485388151501e-7
`\`PE(P-18:1/20:4)\``,4.999465698021386e-4,0.002943200099211753
`\`PE(P-18:1/22:4)\``,0.31088823893304374,0.45334475829000365
`\`PE(P-18:1/22:5)\``,0.08577857449358267,0.17387594648486043
`\`PE(P-18:1/22:6)\``,8.913753675966853e-5,7.05244552939977e-4
`\`SM(14:0)\``,3.9482651665105575e-9,2.2220836357121418e-7
`\`SM(16:0)\``,6.6011185400516575e-12,7.144441373732832e-10
`\`SM(18:0)\``,6.254035638954021e-7,1.3537581760012782e-5
`\`SM(18:1)\``,6.49741619390905e-13,9.141864584830032e-11
`\`SM(20:0)\``,5.141937145470691e-5,4.6095493794782235e-4
`\`SM(20:1)\``,1.2324574819543038e-7,3.769712341542838e-6
`\`SM(22:0)\``,1.997081642573527e-5,2.3031916976237312e-4
`\`SM(22:1)\``,5.291377924885952e-7,1.1817410698911959e-5
`\`SM(24:0)\``,0.5642411785655076,0.6891383144458935
`\`SM(24:1)\``,4.464526218723345e-7,1.0469313982906245e-5
`\`SM(26:0)\``,0.16253683611347236,0.28303134704412825
`\`SM(26:1)\``,0.012913746751119035,0.0410149925029898
`\`TAG36:0-FA12:0\``,0.38864979377647135,0.52782843614236985
`\`TAG38:0-FA12:0\``,0.5028583660041134,0.6334124628180731
`\`TAG40:0-FA12:0\``,1.9181696181764914e-6,3.801217820808906e-5
`\`TAG40:0-FA14:0\``,0.7076201250547165,0.8031097293520466
`\`TAG40:0-FA16:0\``,0.3241490377746238,0.46461583304280113
`\`TAG42:0-FA12:0\``,2.3345974805847866e-9,1.3686577729928312e-7
`\`TAG42:0-FA14:0\``,0.25700736924567447,0.3965629890115826
`\`TAG42:0-FA16:0\``,0.010297661551638486,0.034579498336886276
`\`TAG42:1-FA12:0\``,2.086979907996776e-6,4.021449973236024e-5
`\`TAG42:1-FA14:0\``,0.3758904533195765,0.5164822927935978
`\`TAG42:1-FA16:0\``,4.056281506876697e-4,0.002509072919266224
`\`TAG42:1-FA16:1\``,1.7723967858541792e-7,4.987524555393661e-6
`\`TAG44:0-FA12:0\``,0.002249769229452701,0.010227225822008109
`\`TAG44:0-FA14:0\``,0.31109336807743876,0.45334475829000365
`\`TAG44:0-FA16:0\``,0.09835845180623916,0.19382400797111835
`\`TAG44:0-FA18:0\``,0.24454150031455135,0.3831513262166745
`\`TAG44:1-FA12:0\``,0.051115963092396334,0.11751660142320529
`\`TAG44:1-FA14:0\``,0.22387974341278727,0.36082336653126196
`\`TAG44:1-FA14:1\``,7.502449422619366e-4,0.004096364465529712
`\`TAG44:1-FA16:0\``,0.19362165799126746,0.3227792331679068
`\`TAG44:1-FA16:1\``,0.027044936937185217,0.0722070960139634
`\`TAG44:1-FA18:1\``,7.380422128925676e-4,0.00405634919351501
`\`TAG44:2-FA12:0\``,0.16207997567173255,0.28293613619122543
`\`TAG44:2-FA14:0\``,0.6302055837004835,0.740149629604825
`\`TAG44:2-FA16:0\``,0.048342429289893,0.11297612946329198
`\`TAG44:2-FA16:1\``,0.040232108628638664,0.09861772968727282
`\`TAG45:0-FA14:0\``,0.5046275866268124,0.6350724636707737
`\`TAG45:0-FA15:0\``,0.1607283662191545,0.2814713489799018
`\`TAG45:0-FA16:0\``,0.5400681266438792,0.6671429799718508
`\`TAG45:1-FA15:0\``,9.861703031816349e-6,1.3738035807688717e-4
`\`TAG45:1-FA16:0\``,0.9347850434852675,0.9516950478898492
`\`TAG45:1-FA18:1\``,0.9543528858364331,0.9667203098429528
`\`TAG46:0-FA14:0\``,0.2887512271000364,0.42991849368227647
`\`TAG46:0-FA16:0\``,0.4185666198670436,0.5540199756847886
`\`TAG46:0-FA18:0\``,0.7978444383576178,0.8715583266841368
`\`TAG46:1-FA12:0\``,1.8158914135880688e-5,2.202551050791735e-4
`\`TAG46:1-FA14:0\``,0.025292237597521954,0.06857697897874666
`\`TAG46:1-FA14:1\``,0.12839261065008545,0.23800843634343902
`\`TAG46:1-FA16:0\``,0.002760030137091603,0.011968038156604617
`\`TAG46:1-FA16:1\``,0.8407349717854266,0.8981874925119298
`\`TAG46:1-FA18:0\``,0.42165827407280376,0.5565414555538789
`\`TAG46:1-FA18:1\``,0.3099268273346999,0.4532921476714374
`\`TAG46:2-FA12:0\``,2.211982757169198e-4,0.0015108056987073112
`\`TAG46:2-FA14:0\``,0.33860960209410207,0.4792995071895388
`\`TAG46:2-FA14:1\``,0.007795271783632177,0.027488589973860833
`\`TAG46:2-FA16:0\``,0.8849040402996973,0.9264409031612334
`\`TAG46:2-FA16:1\``,0.4652146337947788,0.596135691939211
`\`TAG46:2-FA18:1\``,0.08407219891342751,0.1712301511039017
`\`TAG46:2-FA18:2\``,0.004092518842879965,0.0162660282822941
`\`TAG46:3-FA14:1\``,0.12614919224560678,0.2354004157686588
`\`TAG46:3-FA16:1\``,9.160680753288171e-6,1.3152120224363731e-4
`\`TAG46:3-FA18:1\``,0.013079224864022574,0.04144700311639586
`\`TAG46:3-FA18:2\``,5.280789759861587e-4,0.0030702773521178732
`\`TAG47:0-FA14:0\``,0.177933674824176,0.3012667635109695
`\`TAG47:0-FA15:0\``,0.8332729862428644,0.8929284780226276
`\`TAG47:0-FA16:0\``,0.31445880090757017,0.456127353481393
`\`TAG47:0-FA17:0\``,0.024682343944208533,0.06743312219320662
`\`TAG47:1-FA14:0\``,2.442011660899231e-7,6.607520013240804e-6
`\`TAG47:1-FA15:0\``,0.8276017841242574,0.8902413687024695
`\`TAG47:1-FA16:0\``,0.021085662581843093,0.05899891173552999
`\`TAG47:1-FA16:1\``,0.8022168879625017,0.8715978080025019
`\`TAG47:1-FA17:0\``,0.7734133661806557,0.8541543219907242
`\`TAG47:1-FA18:1\``,0.8153009145228737,0.881728198872931
`\`TAG47:2-FA14:0\``,0.00230140335755276,0.010411815189957343
`\`TAG47:2-FA15:0\``,0.423992543568125,0.5580519259123965
`\`TAG47:2-FA16:1\``,3.86260910262961e-5,3.6720885185134196e-4
`\`TAG47:2-FA18:1\``,0.7469330302467618,0.8334137776028501
`\`TAG47:2-FA18:2\``,0.08049418742180212,0.167043247348784
`\`TAG48:0-FA14:0\``,0.7855273431141971,0.8627923276828068
`\`TAG48:0-FA16:0\``,0.3728958513425028,0.5138731271683658
`\`TAG48:0-FA18:0\``,0.3466794697610822,0.48631905678349224
`\`TAG48:1-FA14:0\``,0.09785201184282942,0.19309646656782747
`\`TAG48:1-FA14:1\``,0.6315999616288617,0.7411685955060955
`\`TAG48:1-FA16:0\``,0.03486634138862289,0.08744553000676009
`\`TAG48:1-FA16:1\``,0.4283974659090669,0.5617476556701371
`\`TAG48:1-FA18:0\``,0.32351745111574737,0.46461583304280113
`\`TAG48:1-FA18:1\``,0.0046294690445291215,0.018043387661087186
`\`TAG48:2-FA12:0\``,0.027647632545628447,0.07345877840360925
`\`TAG48:2-FA14:0\``,0.6744390288549102,0.775274275816061
`\`TAG48:2-FA14:1\``,0.4143770782455146,0.5510666815609064
`\`TAG48:2-FA16:0\``,0.43871539699743234,0.5706484146666281
`\`TAG48:2-FA16:1\``,0.5136355660969811,0.6435309363298776
`\`TAG48:2-FA18:0\``,6.08769661975167e-4,0.0034399153188717268
`\`TAG48:2-FA18:1\``,0.17753402944007557,0.30113975034812507
`\`TAG48:2-FA18:2\``,0.9111647123926692,0.9426534928944748
`\`TAG48:3-FA12:0\``,0.8014399704015125,0.8715728874477217
`\`TAG48:3-FA14:0\``,0.19100285318515342,0.3191453610045957
`\`TAG48:3-FA14:1\``,0.058728255595771085,0.13115977083055544
`\`TAG48:3-FA16:0\``,0.38080511150297536,0.5191790619037658
`\`TAG48:3-FA16:1\``,0.08238125482510616,0.1697077972751455
`\`TAG48:3-FA18:1\``,0.8143839388265485,0.8814140014838107
`\`TAG48:3-FA18:2\``,0.332868236915547,0.4749877937713367
`\`TAG48:4-FA12:0\``,0.6077621251536286,0.7271439711659485
`\`TAG48:4-FA14:1\``,0.009384229915927161,0.03189278138094086
`\`TAG48:4-FA16:1\``,0.0039633030312513605,0.015978129985589295
`\`TAG48:4-FA18:2\``,0.0838075353879869,0.1712301511039017
`\`TAG49:0-FA15:0\``,0.057999399193138,0.12973792474522286
`\`TAG49:0-FA16:0\``,0.5255409986272708,0.6537897303877719
`\`TAG49:0-FA17:0\``,0.3778070442621546,0.5175993293834971
`\`TAG49:0-FA18:0\``,0.3641969014700248,0.5041623939838338
`\`TAG49:1-FA14:0\``,0.0570970511955054,0.12812687564924416
`\`TAG49:1-FA15:0\``,0.0014835782131483078,0.007173177133675838
`\`TAG49:1-FA16:0\``,0.2171680752681551,0.35242846816873613
`\`TAG49:1-FA16:1\``,0.039060110921730354,0.09641680011732387
`\`TAG49:1-FA17:0\``,0.4396466819464284,0.5706484146666281
`\`TAG49:1-FA18:1\``,0.04132713794223153,0.10066664161591278
`\`TAG49:2-FA14:0\``,0.05969460392243644,0.13247682605499694
`\`TAG49:2-FA15:0\``,0.16924237541009365,0.2918186546593159
`\`TAG49:2-FA16:0\``,0.10233707998834357,0.20054076816657299
`\`TAG49:2-FA16:1\``,3.159162630305972e-6,5.556177276050628e-5
`\`TAG49:2-FA17:0\``,0.6614306738201172,0.7646942958626992
`\`TAG49:2-FA18:1\``,0.3893977394990876,0.528334252145821
`\`TAG49:2-FA18:2\``,0.020462416742321517,0.05781249067559513
`\`TAG49:3-FA15:0\``,0.005571925045686784,0.021017958550352028
`\`TAG49:3-FA16:1\``,4.065875093054009e-4,0.002509072919266224
`\`TAG49:3-FA18:2\``,0.0058553095241282846,0.021969121334529322
`\`TAG50:0-FA14:0\``,0.75920970232723906,0.8428285831210642
`\`TAG50:0-FA16:0\``,0.4896640167624743,0.6190092287374674
`\`TAG50:0-FA18:0\``,0.23904752486405942,0.37876111203122925
`\`TAG50:1-FA14:0\``,0.002809658606069012,0.012126348646438957
`\`TAG50:1-FA16:0\``,6.29392993859588e-4,0.0035422237694417618
`\`TAG50:1-FA16:1\``,0.10849471015734556,0.2091124071114866
`\`TAG50:1-FA18:0\``,0.06764468035010368,0.1459755602033679
`\`TAG50:1-FA18:1\``,6.522884487276491e-4,0.0036564535751386546
`\`TAG50:1-FA20:1\``,0.01877471535326381,0.054353959880745234
`\`TAG50:2-FA14:0\``,0.6039407053143087,0.7244199253002833
`\`TAG50:2-FA14:1\``,0.24356738950763634,0.38221285552583845
`\`TAG50:2-FA16:0\``,1.449071100096086e-4,0.0010509500195026767
`\`TAG50:2-FA16:1\``,0.0029491074420107725,0.012535934051085065
`\`TAG50:2-FA18:0\``,0.624411065031526,0.7383515558874981
`\`TAG50:2-FA18:1\``,1.6160818244800854e-4,0.0011542269680423758
`\`TAG50:2-FA18:2\``,0.0012582854561161718,0.006278041265090261
`\`TAG50:3-FA14:0\``,0.003311021869989988,0.01370178756198798
`\`TAG50:3-FA14:1\``,1.7777547032869434e-4,0.0012321679150368125
`\`TAG50:3-FA16:0\``,0.008419791191860738,0.029178931544207042
`\`TAG50:3-FA16:1\``,0.3260694681184586,0.4662395748401131
`\`TAG50:3-FA18:1\``,0.001526320542026347,0.007337879121508668
`\`TAG50:3-FA18:2\``,0.015830780832531463,0.048004113429680535
`\`TAG50:3-FA18:3\``,0.004021263069293744,0.016119422046998
`\`TAG50:3-FA20:3\``,0.9970263380792768,0.9984455926530552
`\`TAG50:4-FA14:0\``,0.0010964934621054228,0.005589732975298296
`\`TAG50:4-FA16:1\``,0.13213744616784515,0.24334736486669908
`\`TAG50:4-FA18:1\``,0.05429456590706073,0.12361238548743438
`\`TAG50:4-FA18:2\``,0.026678337684127456,0.07149794499346158
`\`TAG50:4-FA18:3\``,1.1844561118293242e-4,9.008268915372212e-4
`\`TAG50:5-FA20:5\``,7.30571206505965e-5,6.180390495161654e-4
`\`TAG51:0-FA16:0\``,0.34281118297632385,0.4826151360388967
`\`TAG51:0-FA17:0\``,0.483505376465849,0.6148423345537057
`\`TAG51:0-FA18:0\``,0.24314506283998524,0.38221285552583845
`\`TAG51:1-FA15:0\``,0.1741533295691161,0.2973710372618281
`\`TAG51:1-FA16:0\``,0.005193732847264613,0.019753542204873752
`\`TAG51:1-FA17:0\``,0.24898741496389976,0.38881830505461373
`\`TAG51:1-FA18:0\``,0.9598688048126509,0.9702122186576149
`\`TAG51:1-FA18:1\``,0.016425318874647828,0.04927595662394348
`\`TAG51:2-FA15:0\``,0.17965779414081753,0.30345560186810355
`\`TAG51:2-FA16:0\``,0.7794949066342289,0.8588483427050588
`\`TAG51:2-FA16:1\``,0.9230954046027935,0.9487182134960777
`\`TAG51:2-FA17:0\``,9.128233250233906e-4,0.004810271229617642
`\`TAG51:2-FA18:1\``,0.323810233921599,0.46461583304280113
`\`TAG51:2-FA18:2\``,0.062864790235838,0.13798870493264287
`\`TAG51:3-FA15:0\``,0.08519059090343348,0.17321266098429322
`\`TAG51:3-FA16:1\``,0.10779479483503789,0.20833417078694821
`\`TAG51:3-FA17:0\``,1.3805805466482254e-4,0.001017003575462855
`\`TAG51:3-FA18:2\``,0.3564977563010937,0.4966260822927117
`\`TAG51:4-FA16:1\``,0.5591311996936894,0.6840848677991487
`\`TAG51:4-FA18:2\``,0.427223751171395,0.5607311734124559
`\`TAG51:5-FA18:2\``,0.2623728105231779,0.40379511989247063
`\`TAG52:0-FA16:0\``,0.25845650922057967,0.3983004473968846
`\`TAG52:0-FA18:0\``,0.3652139101438048,0.5042747512976775
`\`TAG52:0-FA20:0\``,0.0017213019042747293,0.008128215405659792
`\`TAG52:1-FA16:0\``,8.89177128931355e-4,0.004703279024084272
`\`TAG52:1-FA16:1\``,0.5896477567740201,0.713357174360315
`\`TAG52:1-FA18:0\``,0.0032727891201456806,0.013674961261743486
`\`TAG52:1-FA18:1\``,1.5730127697256247e-4,0.0011291984525530377
`\`TAG52:1-FA20:1\``,0.27751638998215955,0.42014785840717517
`\`TAG52:2-FA16:0\``,3.0940939318358426e-7,7.773911003737555e-6
`\`TAG52:2-FA16:1\``,0.4394810543545471,0.5706484146666281
`\`TAG52:2-FA18:0\``,0.8420108760648439,0.8981874925119298
`\`TAG52:2-FA18:1\``,3.660564671130407e-7,8.880024986690486e-6
`\`TAG52:2-FA18:2\``,1.1066529561720449e-5,1.468925197484969e-4
`\`TAG52:2-FA20:1\``,0.7992140500727563,0.8715728874477217
`\`TAG52:3-FA16:0\``,8.919267139380405e-8,2.9879544916924357e-6
`\`TAG52:3-FA16:1\``,0.11457675832140203,0.21760226212968972
`\`TAG52:3-FA18:0\``,2.4193847561194092e-4,0.0016209877866000043
`\`TAG52:3-FA18:1\``,5.420004971709601e-7,1.1915542179992825e-5
`\`TAG52:3-FA18:2\``,1.157274576638859e-7,3.618411842957499e-6
`\`TAG52:3-FA18:3\``,0.01121100821299376,0.03660599134392492
`\`TAG52:3-FA20:1\``,2.2686901923425342e-4,0.0015357000842465022
`\`TAG52:3-FA20:2\``,0.1531599008815829,0.2700450883964751
`\`TAG52:3-FA20:3\``,0.07959201814461452,0.16541502146155482
`\`TAG52:4-FA16:0\``,3.909540816691096e-6,6.791017196400459e-5
`\`TAG52:4-FA16:1\``,0.042566570066543984,0.10308289859488362
`\`TAG52:4-FA18:1\``,2.0908047908882137e-5,2.3723889844997717e-4
`\`TAG52:4-FA18:2\``,4.358677672471502e-6,7.388746367671571e-5
`\`TAG52:4-FA18:3\``,0.017945321120788733,0.05249286240530093
`\`TAG52:4-FA20:2\``,5.2842283478752635e-6,8.448760551659655e-5
`\`TAG52:4-FA20:3\``,6.198823844094965e-6,9.690827942935128e-5
`\`TAG52:4-FA20:4\``,4.8625000368430095e-5,4.4138951947342677e-4
`\`TAG52:5-FA16:0\``,0.4221165056684475,0.5566241082244664
`\`TAG52:5-FA16:1\``,0.22690628506321683,0.36361861399082696
`\`TAG52:5-FA18:1\``,0.42700833073321853,0.5607311734124559
`\`TAG52:5-FA18:2\``,0.25522033145712913,0.39488173308563834
`\`TAG52:5-FA18:3\``,0.002434374428266709,0.010804936342496086
`\`TAG52:5-FA20:4\``,5.123581575874043e-4,0.0030036996988561573
`\`TAG52:5-FA20:5\``,0.22644893127717644,0.36329948267615425
`\`TAG52:5-FA22:5\``,0.80762713391816,0.8747739626041964
`\`TAG52:6-FA16:0\``,4.8053233037427637e-4,0.0028770595269642842
`\`TAG52:6-FA18:1\``,0.5751996655308635,0.7013049648196923
`\`TAG52:6-FA18:2\``,0.0024212835170041567,0.010804936342496086
`\`TAG52:6-FA18:3\``,0.6638007166323427,0.7661752324050093
`\`TAG52:7-FA16:0\``,0.7162328536031008,0.8107317980849259
`\`TAG52:8-FA16:1\``,0.07770725720662201,0.16318524013390623
`\`TAG53:0-FA16:0\``,0.30131237959087803,0.4433605052308579
`\`TAG53:1-FA16:0\``,2.2312721869611616e-6,4.1858666227391395e-5
`\`TAG53:1-FA17:0\``,0.3055866020983097,0.4483423870201478
`\`TAG53:1-FA18:0\``,0.004973490475715316,0.019171783833784792
`\`TAG53:1-FA18:1\``,0.10093451852823877,0.19806815560562335
`\`TAG53:2-FA16:0\``,0.7349968415843624,0.8240163793698788
`\`TAG53:2-FA17:0\``,0.5806220738606713,0.7066913995864745
`\`TAG53:2-FA18:1\``,0.31833757699524623,0.45992676456106735
`\`TAG53:3-FA16:0\``,0.05727249584973096,0.12831592621110105
`\`TAG53:3-FA17:0\``,0.01885687789645122,0.05447972731069172
`\`TAG53:3-FA18:2\``,0.15453609743419677,0.27213052451804115
`\`TAG53:4-FA16:0\``,0.02498572164395677,0.06799789236566184
`\`TAG53:4-FA17:0\``,0.6291093860270884,0.7400977476087905
`\`TAG53:4-FA18:2\``,0.46008224813513576,0.5906347838742116
`\`TAG54:0-FA16:0\``,0.10089600885770539,0.19806815560562335
`\`TAG54:0-FA18:0\``,0.360816653663387,0.5006597945802619
`\`TAG54:1-FA16:0\``,3.474671680217053e-5,3.3683691694033884e-4
`\`TAG54:1-FA18:0\``,0.08327627026931263,0.17080132983807997
`\`TAG54:1-FA18:1\``,0.5211242950068957,0.6505961695427704
`\`TAG54:1-FA20:0\``,0.050383052665283194,0.11602120310974379
`\`TAG54:1-FA20:1\``,0.922392821566028,0.9487182134960777
`\`TAG54:2-FA16:0\``,0.1467140807543068,0.2626294040983584
`\`TAG54:2-FA18:0\``,0.014384920915667083,0.0443850520358412
`\`TAG54:2-FA18:1\``,4.3402402416167605e-4,0.0026322060430839576
`\`TAG54:2-FA18:2\``,0.255396145776781,0.39488173308563834
`\`TAG54:2-FA20:1\``,0.9415706486505314,0.9565270055244027
`\`TAG54:3-FA16:0\``,0.03102487432826498,0.08034913389564262
`\`TAG54:3-FA16:1\``,0.0011222788544572916,0.005700528332929276
`\`TAG54:3-FA18:0\``,0.0033892606818094707,0.013984427505295969
`\`TAG54:3-FA18:1\``,1.0029545536565435e-4,7.796447828700314e-4
`\`TAG54:3-FA18:2\``,0.007319616256485622,0.026072658412342454
`\`TAG54:3-FA20:1\``,0.40846230664724403,0.547339490907307
`\`TAG54:3-FA20:2\``,0.0038361985263071006,0.015554845321366256
`\`TAG54:4-FA16:0\``,0.6832086051017006,0.782159892089579
`\`TAG54:4-FA18:0\``,0.8725829613865297,0.9203460779344979
`\`TAG54:4-FA18:1\``,4.508420286137058e-5,4.204044508793491e-4
`\`TAG54:4-FA18:2\``,5.391072699782232e-5,4.770590747543145e-4
`\`TAG54:4-FA18:3\``,0.3430100469359607,0.4826151360388967
`\`TAG54:4-FA20:2\``,0.3067577421248501,0.44959181580173335
`\`TAG54:4-FA20:3\``,0.41981263667083235,0.5551469734923506
`\`TAG54:4-FA20:4\``,0.002838038081689161,0.012150881505415592
`\`TAG54:5-FA16:0\``,0.03006978231874021,0.07849384735151665
`\`TAG54:5-FA18:0\``,0.06416232576619355,0.13953074552246417
`\`TAG54:5-FA18:1\``,5.553006693842062e-5,4.883175261397363e-4
`\`TAG54:5-FA18:2\``,3.2489315042717704e-4,0.002059120102031703
`\`TAG54:5-FA18:3\``,0.6300431430188947,0.740149629604825
`\`TAG54:5-FA20:3\``,0.03253183533555654,0.08322234966750555
`\`TAG54:5-FA20:4\``,0.01903885990545305,0.054705223493945375
`\`TAG54:5-FA22:5\``,0.008398126118115589,0.02917571221774971
`\`TAG54:6-FA16:0\``,0.7638548290190877,0.8462549168739028
`\`TAG54:6-FA18:1\``,0.8617722674808216,0.911664346124448
`\`TAG54:6-FA18:2\``,0.07764661078354793,0.16318524013390623
`\`TAG54:6-FA18:3\``,0.3251720658820566,0.4654293964354564
`\`TAG54:6-FA20:4\``,0.007281817421218157,0.026003850537192758
`\`TAG54:6-FA20:5\``,0.0941620685092922,0.18712716157143236
`\`TAG54:6-FA22:6\``,2.9516108887643087e-6,5.256856355052383e-5
`\`TAG54:7-FA18:1\``,6.13741181591306e-13,9.141864584830032e-11
`\`TAG54:7-FA18:2\``,0.2641549598244441,0.405306465074147
`\`TAG54:7-FA18:3\``,1.2988532461869737e-4,9.720672964814213e-4
`\`TAG54:7-FA22:5\``,0.3776286915179454,0.5175993293834971
`\`TAG54:7-FA22:6\``,0.92839020139739,0.9497589660261814
`\`TAG55:1-FA16:0\``,0.7956207839474878,0.871158321411763
`\`TAG55:1-FA18:1\``,0.004585354103125663,0.0179210922863828
`\`TAG55:3-FA18:1\``,0.9622875144252926,0.9719587457260493
`\`TAG55:4-FA18:1\``,0.5896447461216083,0.713357174360315
`\`TAG55:5-FA18:1\``,0.6476734447501664,0.7518783306629406
`\`TAG55:5-FA18:2\``,0.49683186491890885,0.6269438869425155
`\`TAG55:7-FA15:0\``,7.174798181623278e-6,1.085477531348812e-4
`\`TAG56:1-FA16:0\``,1.6676891128143576e-4,0.0011791148651908547
`\`TAG56:1-FA18:1\``,0.660877928166145,0.7646835895803997
`\`TAG56:2-FA18:0\``,0.4126437026545623,0.5499732659404322
`\`TAG56:2-FA20:0\``,4.700214917796863e-4,0.0028261548672393957
`\`TAG56:2-FA20:1\``,2.0759072344250235e-5,2.3723889844997717e-4
`\`TAG56:3-FA18:0\``,6.492543024359481e-5,5.638893848934439e-4
`\`TAG56:3-FA18:1\``,0.3977027435791127,0.5359844446511605
`\`TAG56:3-FA18:2\``,0.7970438440868358,0.8715583266841368
`\`TAG56:3-FA20:0\``,0.031173197006797,0.08039707511095706
`\`TAG56:3-FA20:1\``,2.1120286115419384e-6,4.021449973236024e-5
`\`TAG56:3-FA20:2\``,0.5948825473375594,0.7166093699520086
`\`TAG56:4-FA18:1\``,0.009596835551829642,0.03245852793611612
`\`TAG56:4-FA18:2\``,0.7773424615270752,0.8574371566540798
`\`TAG56:4-FA20:1\``,0.01522017284898466,0.04655387651852482
`\`TAG56:4-FA20:2\``,0.7820121708505244,0.860947671664075
`\`TAG56:4-FA20:4\``,0.31733396344751214,0.4593507063484049
`\`TAG56:5-FA16:0\``,0.7721589614705252,0.8534388521516332
`\`TAG56:5-FA18:0\``,0.11639361699501262,0.22041160041989605
`\`TAG56:5-FA18:1\``,0.5089939259658438,0.6384695619374611
`\`TAG56:5-FA20:2\``,1.707348350024101e-4,0.001201119564241955
`\`TAG56:5-FA20:3\``,0.0013655591184073106,0.006671325276385715
`\`TAG56:5-FA20:4\``,0.24246404335067226,0.38221285552583845
`\`TAG56:5-FA22:4\``,6.584007719926854e-4,0.0036760709769591603
`\`TAG56:5-FA22:5\``,0.4202118665495127,0.5551531420048492
`\`TAG56:6-FA16:0\``,0.1398198715680229,0.254497489387074
`\`TAG56:6-FA18:0\``,0.02767103948394662,0.07345877840360925
`\`TAG56:6-FA18:1\``,0.025966924776338253,0.0700530339664961
`\`TAG56:6-FA18:2\``,0.02069172084305242,0.05834318883000953
`\`TAG56:6-FA20:3\``,0.07943158384607407,0.16532579655536422
`\`TAG56:6-FA20:4\``,0.151834645702125,0.2680443494390086
`\`TAG56:6-FA20:5\``,0.021133938532130147,0.05899891173552999
`\`TAG56:6-FA22:5\``,2.5279453517943048e-5,2.6743000826876597e-4
`\`TAG56:7-FA16:0\``,0.016916059825253942,0.05021286112686138
`\`TAG56:7-FA18:0\``,0.8536836015536006,0.9058316948611734
`\`TAG56:7-FA18:1\``,0.3834427668017265,0.5217639969922913
`\`TAG56:7-FA18:2\``,0.2304033489281288,0.3675481994805864
`\`TAG56:7-FA20:3\``,0.019129331882744224,0.054705223493945375
`\`TAG56:7-FA20:4\``,0.02809531574432666,0.07444465019259436
`\`TAG56:7-FA22:5\``,0.0051946059813811575,0.019753542204873752
`\`TAG56:7-FA22:6\``,0.006201482874330541,0.022961806326797556
`\`TAG56:8-FA16:0\``,0.02529598584930314,0.06857697897874666
`\`TAG56:8-FA16:1\``,7.075677162796805e-5,6.033622889730367e-4
`\`TAG56:8-FA20:4\``,0.37833060784842176,0.5178124175512933
`\`TAG56:8-FA22:6\``,0.016379264658913054,0.04927595662394348
`\`TAG58:2-FA18:1\``,0.12376443370243558,0.23218207762576912
`\`TAG58:6-FA18:1\``,0.6382610521543315,0.744883737020876
`\`TAG58:6-FA22:4\``,0.05302231008747129,0.1210938354341665
`\`TAG58:7-FA16:0\``,0.011330565924955363,0.036795310455465795
`\`TAG58:7-FA18:1\``,0.6251449635998335,0.7383515558874981
`\`TAG58:7-FA22:5\``,0.28357742474388575,0.42503796662332266
`\`TAG58:7-FA22:6\``,0.9683268650551681,0.9759569478027373
`\`TAG58:8-FA18:1\``,0.9313077655436108,0.950217567889674
`\`TAG58:8-FA22:6\``,1.8839973702250316e-5,2.2453242599133655e-4
`\`TAG58:9-FA22:6\``,0.004347832983848833,0.017040114229179133
,NA,NA
